prime,target,relation,target_type,correct_key,thisN,thisTrialN,thisRepN,key_resp.keys,key_resp.corr,key_resp.rt,key_resp.duration,trials.thisRepN,trials.thisTrialN,trials.thisN,trials.thisIndex,thisRow.t,notes,trial.started,instr_text.started,instr_key.started,trial.stopped,instr_key.keys,instr_key.rt,instr_key.duration,fixation.started,fixation1.started,fixation1.stopped,fixation.stopped,prime.started,prime_text.started,prime.stopped,gap.started,gap1.started,gap.stopped,target_response.started,target_text.started,key_resp.started,target_response.stopped,trials.key_resp.keys,trials.key_resp.corr,trials.key_resp.rt,trials.key_resp.duration,response,correct,prime_text.stopped,gap1.stopped,target_text.stopped,iti.started,text.started,text.stopped,iti.stopped,end.started,end_text.started,end_key.started,end.stopped,end_key.keys,end_key.rt,end_key.duration,participant,session,date,expName,expVersion,psychopyVersion,frameRate,expStart,
,,,,,,,,,,,,,,,,,,0.007167042000219226,0.013201084002503194,0.013201084002503194,13.84054450000258,space,13.679075791995274,None,,,,,,,,,,,,,,,,,,,,,,,,,,,,,,,,,,,02,001,2025-11-17_09h58.11.264,solo project,,2025.1.1,121.33351502388682,2025-11-17 09h58.18.142547 +0530,
,,,,,,,,,,,,,,,,,,,,,,,,,13.840571333996195,13.849535291999928,14.373190250000334,14.334352249999938,,,,,,,,,,,,,,,,,,,,,,,,,,,,,,,02,001,2025-11-17_09h58.11.264,solo project,,2025.1.1,121.33351502388682,2025-11-17 09h58.18.142547 +0530,
heart,mountain,unrelated,word,m,0,0,0,m,1,0.7932881239976268,None,0,0,0,36,14.373190250000334,,,,,,,,,,,,,14.367171625002811,14.373190250000334,14.493548792001093,14.493624959002773,14.500695083996106,14.543570374997216,14.547530916999676,14.554022124997573,14.554022124997573,15.352941459001158,m,1,0.7932881239976268,None,m,True,,,,,,,,,,,,,,,02,001,2025-11-17_09h58.11.264,solo project,,2025.1.1,121.33351502388682,2025-11-17 09h58.18.142547 +0530,
king,markerv,unrelated,nonword,z,1,1,0,z,1,1.6614181249969988,None,0,1,1,88,15.36362804199598,,,,,,,,,,,,,15.353357916996174,15.36362804199598,15.501726417001919,15.501782041996194,15.510228874998575,15.543835459000547,15.549971041997196,15.559763917000964,15.559763917000964,17.229843583998445,z,1,1.6614181249969988,None,z,True,15.510228874998575,15.559763917000964,17.050270792002266,,,,,,,,,,,,02,001,2025-11-17_09h58.11.264,solo project,,2025.1.1,121.33351502388682,2025-11-17 09h58.18.142547 +0530,
doctor,nursep,related,nonword,z,2,2,0,z,1,1.111311915999977,None,0,2,2,50,17.2406476249962,,,,,,,,,,,,,17.230407999995805,17.2406476249962,17.37798445900262,17.378070209000725,17.384971999999834,17.41771712499758,17.421905584000342,17.428874541998084,17.428874541998084,18.545842792002077,z,1,1.111311915999977,None,z,True,17.384971999999834,17.428874541998084,,,,,,,,,,,,,02,001,2025-11-17_09h58.11.264,solo project,,2025.1.1,121.33351502388682,2025-11-17 09h58.18.142547 +0530,
fire,blanket,unrelated,word,m,3,3,0,m,1,1.0996989159975783,None,0,3,3,39,18.564061375000165,,,,,,,,,,,,,18.54636333399685,18.564061375000165,18.700591499997245,18.700660249996872,18.710484875002294,18.744452041995828,18.748796667001443,18.755449167001643,18.755449167001643,19.862338833998365,m,1,1.0996989159975783,None,m,True,,18.755449167001643,,,,,,,,,,,,,02,001,2025-11-17_09h58.11.264,solo project,,2025.1.1,121.33351502388682,2025-11-17 09h58.18.142547 +0530,
rain,engine,unrelated,word,m,4,4,0,m,1,0.8924817080041976,None,0,4,4,42,19.8725373749985,,,,,,,,,,,,,19.86278358400159,19.8725373749985,20.01134808400093,20.01143166700058,20.018008416998782,20.051102999997966,20.055313999997452,20.062580625002738,20.062580625002738,20.962664874998154,m,1,0.8924817080041976,None,m,True,20.018008416998782,20.062580625002738,,,,,,,,,,,,,02,001,2025-11-17_09h58.11.264,solo project,,2025.1.1,121.33351502388682,2025-11-17 09h58.18.142547 +0530,
book,pageq,related,nonword,z,5,5,0,z,1,1.007574666000437,None,0,5,5,58,20.97322895900288,,,,,,,,,,,,,20.963170834002085,20.97322895900288,21.11088262499834,21.11095412499708,21.11753624999983,21.15009916699637,21.153415542001312,21.160527125000954,21.160527125000954,22.178180916998826,z,1,1.007574666000437,None,z,True,21.11753624999983,21.160527125000954,,,,,,,,,,,,,02,001,2025-11-17_09h58.11.264,solo project,,2025.1.1,121.33351502388682,2025-11-17 09h58.18.142547 +0530,
teacher,banana,unrelated,word,m,6,6,0,m,1,0.7317749170033494,None,0,6,6,29,22.188631791999796,,,,,,,,,,,,,22.178586458998325,22.188631791999796,22.327758999999787,22.3278152089988,22.33403287499823,22.36734762499691,22.371586374996696,22.393266416998813,22.393266416998813,23.1290877499996,m,1,0.7317749170033494,None,m,True,22.33403287499823,22.393266416998813,,,,,,,,,,,,,02,001,2025-11-17_09h58.11.264,solo project,,2025.1.1,121.33351502388682,2025-11-17 09h58.18.142547 +0530,
sun,glass,unrelated,word,m,7,7,0,m,1,0.8682547910066205,None,0,7,7,27,23.139717874997586,,,,,,,,,,,,,23.129588709001837,23.139717874997586,23.277909709002415,23.277990624999802,23.28450475000136,23.317632708996825,23.321835374998045,23.328751916997135,23.328751916997135,24.202344999997877,m,1,0.8682547910066205,None,m,True,23.28450475000136,23.328751916997135,,,,,,,,,,,,,02,001,2025-11-17_09h58.11.264,solo project,,2025.1.1,121.33351502388682,2025-11-17 09h58.18.142547 +0530,
salt,pepper,related,word,m,8,8,0,m,1,0.9503280000062659,None,0,8,8,22,24.212934584000323,,,,,,,,,,,,,24.20279304200085,24.212934584000323,24.35083345900057,24.35088808400178,24.36043787500239,24.394442042001174,24.399025541999436,24.405655333997856,24.405655333997856,25.36176512500242,m,1,0.9503280000062659,None,m,True,24.36043787500239,24.405655333997856,,,,,,,,,,,,,02,001,2025-11-17_09h58.11.264,solo project,,2025.1.1,121.33351502388682,2025-11-17 09h58.18.142547 +0530,
ball,gameu,related,nonword,z,9,9,0,z,1,0.5157829160016263,None,0,9,9,73,25.370152958996186,,,,,,,,,,,,,25.36214908400143,25.370152958996186,25.51093583399779,25.511012541996024,25.51757070900203,25.550599666996277,25.554162667001947,25.56118774999777,25.56118774999777,26.079369125000085,z,1,0.5157829160016263,None,z,True,25.51757070900203,25.56118774999777,,,,,,,,,,,,,02,001,2025-11-17_09h58.11.264,solo project,,2025.1.1,121.33351502388682,2025-11-17 09h58.18.142547 +0530,
shoe,sock,related,word,m,10,10,0,m,1,0.8932036240003072,None,0,10,10,21,26.088564708996273,,,,,,,,,,,,,26.079933583998354,26.088564708996273,26.227467167002033,26.22754212500149,26.234075749998738,26.26717041699885,26.270564334001392,26.27775204199861,26.27775204199861,27.179337959001714,m,1,0.8932036240003072,None,m,True,26.234075749998738,26.27775204199861,,,,,,,,,,,,,02,001,2025-11-17_09h58.11.264,solo project,,2025.1.1,121.33351502388682,2025-11-17 09h58.18.142547 +0530,
road,street,related,word,m,11,11,0,m,1,0.9062635410009534,None,0,11,11,19,27.187103500000376,,,,,,,,,,,,,27.179590959000052,27.187103500000376,27.327458084000682,27.327521291997982,27.334125084002153,27.36710520899942,27.37041175000195,27.377632249997987,27.377632249997987,28.286167917001876,m,1,0.9062635410009534,None,m,True,27.334125084002153,27.377632249997987,,,,,,,,,,,,,02,001,2025-11-17_09h58.11.264,solo project,,2025.1.1,121.33351502388682,2025-11-17 09h58.18.142547 +0530,
sun,lighta,related,nonword,z,12,12,0,z,1,0.9019827919983072,None,0,12,12,52,28.296472292000544,,,,,,,,,,,,,28.286578209001163,28.296472292000544,28.43391391699697,28.43395050000254,28.44375279200176,28.47789870899578,28.48225354200258,28.48896162500023,28.48896162500023,29.39562154199666,z,1,0.9019827919983072,None,z,True,28.44375279200176,28.48896162500023,,,,,,,,,,,,,02,001,2025-11-17_09h58.11.264,solo project,,2025.1.1,121.33351502388682,2025-11-17 09h58.18.142547 +0530,
road,candley,unrelated,nonword,z,13,13,0,z,1,1.1358614580021822,None,0,13,13,94,29.40447979199962,,,,,,,,,,,,,29.396010833996115,29.40447979199962,29.54405987499922,29.544123334002506,29.550762041995768,29.583987250000064,29.58783499999845,29.609993917001702,29.609993917001702,30.75238683399948,z,1,1.1358614580021822,None,z,True,29.550762041995768,29.609993917001702,,,,,,,,,,,,,02,001,2025-11-17_09h58.11.264,solo project,,2025.1.1,121.33351502388682,2025-11-17 09h58.18.142547 +0530,
flower,bottle,unrelated,word,m,14,14,0,m,1,1.0011382079974283,None,0,14,14,49,30.763282959000207,,,,,,,,,,,,,30.752893167002185,30.763282959000207,30.900658958998974,30.900710333997267,30.910748542002693,30.9440522090008,30.9481585839967,30.95477687499806,30.95477687499806,31.96246841699758,m,1,1.0011382079974283,None,m,True,30.910748542002693,30.95477687499806,,,,,,,,,,,,,02,001,2025-11-17_09h58.11.264,solo project,,2025.1.1,121.33351502388682,2025-11-17 09h58.18.142547 +0530,
tree,speaker,unrelated,word,m,15,15,0,m,1,0.8512135830023908,None,0,15,15,45,31.97306095899694,,,,,,,,,,,,,31.962980958996923,31.97306095899694,32.11052154200297,32.11060408400226,32.11716799999704,32.15080620899971,32.154465874999005,32.17656795900257,32.17656795900257,33.036344874999486,m,1,0.8512135830023908,None,m,True,32.11716799999704,32.17656795900257,,,,,,,,,,,,,02,001,2025-11-17_09h58.11.264,solo project,,2025.1.1,121.33351502388682,2025-11-17 09h58.18.142547 +0530,
music,plate,unrelated,word,m,16,16,0,m,1,0.8462039170044591,None,0,16,16,37,33.04623074999836,,,,,,,,,,,,,33.03680824999901,33.04623074999836,33.18467358400085,33.18472425000073,33.19324208400212,33.227344291997724,33.23107337499823,33.237610750002204,33.237610750002204,34.08574891700118,m,1,0.8462039170044591,None,m,True,33.19324208400212,33.237610750002204,,,,,,,,,,,,,02,001,2025-11-17_09h58.11.264,solo project,,2025.1.1,121.33351502388682,2025-11-17 09h58.18.142547 +0530,
salt,peppero,related,nonword,z,17,17,0,z,1,0.7571784160027164,None,0,17,17,72,34.095031874996494,,,,,,,,,,,,,34.08624749999581,34.095031874996494,34.23411883399967,34.234184125001775,34.24405037499673,34.277137249999214,34.28097445899766,34.28756004200113,34.28756004200113,35.051639249999425,z,1,0.7571784160027164,None,z,True,34.24405037499673,34.28756004200113,,,,,,,,,,,,,02,001,2025-11-17_09h58.11.264,solo project,,2025.1.1,121.33351502388682,2025-11-17 09h58.18.142547 +0530,
phone,callz,related,nonword,z,18,18,0,z,1,0.8144958749981015,None,0,18,18,57,35.06209249999665,,,,,,,,,,,,,35.0519282919995,35.06209249999665,35.201037166996684,35.20108808400255,35.21036379200086,35.244352374997106,35.24871295900084,35.25529941699642,35.25529941699642,36.07926195899927,z,1,0.8144958749981015,None,z,True,35.21036379200086,35.25529941699642,,,,,,,,,,,,,02,001,2025-11-17_09h58.11.264,solo project,,2025.1.1,121.33351502388682,2025-11-17 09h58.18.142547 +0530,
fire,heat,related,word,m,19,19,0,m,1,0.7115697909976006,None,0,19,19,14,36.08975758399902,,,,,,,,,,,,,36.079689166996104,36.08975758399902,36.2291417919987,36.22919820900279,36.236567583997385,36.27769166699727,36.281505166996794,36.28815620899695,36.28815620899695,37.002861667002435,m,1,0.7115697909976006,None,m,True,36.236567583997385,36.28815620899695,,,,,,,,,,,,,02,001,2025-11-17_09h58.11.264,solo project,,2025.1.1,121.33351502388682,2025-11-17 09h58.18.142547 +0530,
tree,leaf,related,word,m,20,20,0,m,1,0.8421259999959148,None,0,20,20,20,37.013008041998546,,,,,,,,,,,,,37.00336520899873,37.013008041998546,37.150666542002,37.150714791998325,37.160303541997564,37.1939429999984,37.19796662499721,37.20459879199916,37.20459879199916,38.052754541997274,m,1,0.8421259999959148,None,m,True,37.160303541997564,37.20459879199916,,,,,,,,,,,,,02,001,2025-11-17_09h58.11.264,solo project,,2025.1.1,121.33351502388682,2025-11-17 09h58.18.142547 +0530,
shoe,keyboardm,unrelated,nonword,z,21,21,0,z,1,0.8357651669939514,None,0,21,21,96,38.0631612090001,,,,,,,,,,,,,38.053147958999034,38.0631612090001,38.200392500002636,38.20044337499712,38.2105183340027,38.24433183400106,38.24844408399804,38.25498016700294,38.25498016700294,39.09613633400295,z,1,0.8357651669939514,None,z,True,38.2105183340027,38.25498016700294,,,,,,,,,,,,,02,001,2025-11-17_09h58.11.264,solo project,,2025.1.1,121.33351502388682,2025-11-17 09h58.18.142547 +0530,
road,streetq,related,nonword,z,22,22,0,z,1,0.8407224580005277,None,0,22,22,69,39.10419970899966,,,,,,,,,,,,,39.09660979200271,39.10419970899966,39.2432471669963,39.2432901669963,39.24940795899602,39.28403845900175,39.28778783400048,39.30995087500196,39.30995087500196,40.16289987500204,z,1,0.8407224580005277,None,z,True,39.24940795899602,39.30995087500196,,,,,,,,,,,,,02,001,2025-11-17_09h58.11.264,solo project,,2025.1.1,121.33351502388682,2025-11-17 09h58.18.142547 +0530,
salt,camerao,unrelated,nonword,z,23,23,0,z,1,0.6773629579984117,None,0,23,23,97,40.173472709000634,,,,,,,,,,,,,40.16344558399578,40.173472709000634,40.3109970000005,40.311072124997736,40.31780245900154,40.36073391699756,40.36470874999941,40.371284708999156,40.371284708999156,41.05198754199955,z,1,0.6773629579984117,None,z,True,40.31780245900154,40.371284708999156,,,,,,,,,,,,,02,001,2025-11-17_09h58.11.264,solo project,,2025.1.1,121.33351502388682,2025-11-17 09h58.18.142547 +0530,
phone,forest,unrelated,word,m,24,24,0,m,1,0.7365397490066243,None,0,24,24,32,41.06259979199967,,,,,,,,,,,,,41.05239837500267,41.06259979199967,41.199990542001615,41.20003366700257,41.21027545900142,41.244447459001094,41.25043600000208,41.25713029199687,41.25713029199687,42.00222808399849,m,1,0.7365397490066243,None,m,True,41.21027545900142,41.25713029199687,,,,,,,,,,,,,02,001,2025-11-17_09h58.11.264,solo project,,2025.1.1,121.33351502388682,2025-11-17 09h58.18.142547 +0530,
bread,musicq,unrelated,nonword,z,25,25,0,z,1,0.7263095419984893,None,0,25,25,78,42.01311620899651,,,,,,,,,,,,,42.00268362499628,42.01311620899651,42.150532958999975,42.15059195899812,42.160309708997374,42.19400504200166,42.19820579199586,42.20488941700023,42.20488941700023,42.93515487499826,z,1,0.7263095419984893,None,z,True,42.160309708997374,42.20488941700023,,,,,,,,,,,,,02,001,2025-11-17_09h58.11.264,solo project,,2025.1.1,121.33351502388682,2025-11-17 09h58.18.142547 +0530,
shoe,sockp,related,nonword,z,26,26,0,z,1,0.5463004580014967,None,0,26,26,71,42.946489333997306,,,,,,,,,,,,,42.93564641699777,42.946489333997306,43.084456249998766,43.08451475000038,43.09406966700044,43.12777045900293,43.1317487089982,43.13831966699945,43.13831966699945,43.69619962500292,z,1,0.5463004580014967,None,z,True,43.09406966700044,43.13831966699945,,,,,,,,,,,,,02,001,2025-11-17_09h58.11.264,solo project,,2025.1.1,121.33351502388682,2025-11-17 09h58.18.142547 +0530,
doctor,tabler,unrelated,nonword,z,27,27,0,z,1,0.6405938740062993,None,0,27,27,75,43.70646066700283,,,,,,,,,,,,,43.69659312500153,43.70646066700283,43.84373174999928,43.8438016250002,43.85033054200176,43.88392933399882,43.88770362499781,43.90991799999756,43.90991799999756,44.552664709000965,z,1,0.6405938740062993,None,z,True,43.85033054200176,43.90991799999756,,,,,,,,,,,,,02,001,2025-11-17_09h58.11.264,solo project,,2025.1.1,121.33351502388682,2025-11-17 09h58.18.142547 +0530,
pen,shoe,unrelated,word,m,28,28,0,m,1,0.773980207995919,None,0,28,28,43,44.563131417002296,,,,,,,,,,,,,44.55317216699768,44.563131417002296,44.70356091699796,44.70361116700224,44.71023258400237,44.74414416700165,44.74787020900112,44.7546194999959,44.7546194999959,45.53590912499931,m,1,0.773980207995919,None,m,True,,44.7546194999959,,,,,,,,,,,,,02,001,2025-11-17_09h58.11.264,solo project,,2025.1.1,121.33351502388682,2025-11-17 09h58.18.142547 +0530,
flower,petaln,related,nonword,z,29,29,0,z,1,0.6792925830013701,None,0,29,29,74,45.54606620899722,,,,,,,,,,,,,45.53635733400006,45.54606620899722,45.68379437499971,45.683855083996605,45.69354783400195,45.7274259170008,45.73141483400104,45.73824383399915,45.73824383399915,46.42941633400187,z,1,0.6792925830013701,None,z,True,45.69354783400195,45.73824383399915,,,,,,,,,,,,,02,001,2025-11-17_09h58.11.264,solo project,,2025.1.1,121.33351502388682,2025-11-17 09h58.18.142547 +0530,
cup,teaf,related,nonword,z,30,30,0,z,1,0.8928000419982709,None,0,30,30,65,46.439666166996176,,,,,,,,,,,,,46.42981008400238,46.439666166996176,46.577377666995744,46.57747387499694,46.58403025000007,46.61750058399775,46.62164104200201,46.628652375002275,46.628652375002275,47.529442500002915,z,1,0.8928000419982709,None,z,True,46.58403025000007,46.628652375002275,,,,,,,,,,,,,02,001,2025-11-17_09h58.11.264,solo project,,2025.1.1,121.33351502388682,2025-11-17 09h58.18.142547 +0530,
mother,childo,related,nonword,z,31,31,0,z,1,0.7732513750015642,None,0,31,31,55,47.539912458996696,,,,,,,,,,,,,47.52983391699672,47.539912458996696,47.67710162499861,47.677180334001605,47.683699749999505,47.71769062500243,47.72129445899918,47.74316304199601,47.74316304199601,48.51951341699896,z,1,0.7732513750015642,None,z,True,47.683699749999505,47.74316304199601,,,,,,,,,,,,,02,001,2025-11-17_09h58.11.264,solo project,,2025.1.1,121.33351502388682,2025-11-17 09h58.18.142547 +0530,
cup,bricku,unrelated,nonword,z,32,32,0,z,1,0.617100499002845,None,0,32,32,90,48.52964883400273,,,,,,,,,,,,,48.51999420899665,48.52964883400273,48.667854125000304,48.66791487499722,48.67659245899995,48.71098629199696,48.71484462499939,48.721389209000336,48.721389209000336,49.346195375001116,z,1,0.617100499002845,None,z,True,48.67659245899995,48.721389209000336,,,,,,,,,,,,,02,001,2025-11-17_09h58.11.264,solo project,,2025.1.1,121.33351502388682,2025-11-17 09h58.18.142547 +0530,
doctor,table,unrelated,word,m,33,33,0,m,1,0.49497333299950697,None,0,33,33,25,49.356440584000666,,,,,,,,,,,,,49.34658062500239,49.356440584000666,49.4939459590023,49.494023667000874,49.50057674999698,49.544256916997256,49.547663083998486,49.55444824999722,49.55444824999722,50.05279162499937,m,1,0.49497333299950697,None,m,True,49.50057674999698,49.55444824999722,,,,,,,,,,,,,02,001,2025-11-17_09h58.11.264,solo project,,2025.1.1,121.33351502388682,2025-11-17 09h58.18.142547 +0530,
car,window,unrelated,word,m,34,34,0,m,1,0.757669958002225,None,0,34,34,31,50.06289120899601,,,,,,,,,,,,,50.05323745899659,50.06289120899601,50.19962558399857,50.19967375000124,50.210650374996476,50.24377149999782,50.2471241250023,50.25375308399816,50.25375308399816,51.01837220900052,m,1,0.757669958002225,None,m,True,50.210650374996476,50.25375308399816,,,,,,,,,,,,,02,001,2025-11-17_09h58.11.264,solo project,,2025.1.1,121.33351502388682,2025-11-17 09h58.18.142547 +0530,
book,hammerr,unrelated,nonword,z,35,35,0,z,1,0.710559082996042,None,0,35,35,83,51.02741116700054,,,,,,,,,,,,,51.01866158399935,51.02741116700054,51.160970459000964,51.1610492089967,51.16763058400102,51.21047974999965,51.21420445900003,51.22084983399691,51.22084983399691,51.93581183400238,z,1,0.710559082996042,None,z,True,51.16763058400102,51.22084983399691,,,,,,,,,,,,,02,001,2025-11-17_09h58.11.264,solo project,,2025.1.1,121.33351502388682,2025-11-17 09h58.18.142547 +0530,
teacher,bananaz,unrelated,nonword,z,36,36,0,z,1,0.6241409159993054,None,0,36,36,79,51.94608733399946,,,,,,,,,,,,,51.93620483399718,51.94608733399946,52.083881917002145,52.083945124999445,52.093582417001016,52.12755262500286,52.13257795899699,52.13928774999658,52.13928774999658,52.76834599999711,z,1,0.6241409159993054,None,z,True,52.093582417001016,52.13928774999658,,,,,,,,,,,,,02,001,2025-11-17_09h58.11.264,solo project,,2025.1.1,121.33351502388682,2025-11-17 09h58.18.142547 +0530,
teacher,student,related,word,m,37,37,0,m,1,0.5433885829988867,None,0,37,37,4,52.77919795899652,,,,,,,,,,,,,52.76873175000219,52.77919795899652,52.91994795900246,52.9200015000024,52.92661004199908,52.96057599999767,52.964367499997024,52.970951083996624,52.970951083996624,53.519437458999164,m,1,0.5433885829988867,None,m,True,,52.970951083996624,,,,,,,,,,,,,02,001,2025-11-17_09h58.11.264,solo project,,2025.1.1,121.33351502388682,2025-11-17 09h58.18.142547 +0530,
river,chair,unrelated,word,m,38,38,0,z,0,0.7363308330022846,None,0,38,38,34,53.52833675000147,,,,,,,,,,,,,53.51987795899913,53.52833675000147,53.66992741700233,53.669984125001065,53.676532584002416,53.71071537499665,53.71446000000287,53.721007334002934,53.721007334002934,54.462036167002225,z,0,0.7363308330022846,None,z,False,,53.721007334002934,,,,,,,,,,,,,02,001,2025-11-17_09h58.11.264,solo project,,2025.1.1,121.33351502388682,2025-11-17 09h58.18.142547 +0530,
pen,shoep,unrelated,nonword,z,39,39,0,z,1,0.9566117499998654,None,0,39,39,93,54.46910095900239,,,,,,,,,,,,,54.46247883400065,54.46910095900239,54.61053304199595,54.61060241700034,54.61690720899787,54.650714666997374,54.65476783399936,54.661730959000124,54.661730959000124,55.62927466700057,z,1,0.9566117499998654,None,z,True,54.61690720899787,54.661730959000124,,,,,,,,,,,,,02,001,2025-11-17_09h58.11.264,solo project,,2025.1.1,121.33351502388682,2025-11-17 09h58.18.142547 +0530,
mother,bottle,unrelated,word,m,40,40,0,m,1,0.5612542909948388,None,0,40,40,30,55.63967337500071,,,,,,,,,,,,,55.62968145900231,55.63967337500071,55.77756970899645,55.7776512920027,55.78427233399998,55.81711454199831,55.82135299999936,55.84305654199852,55.84305654199852,56.41225024999585,m,1,0.5612542909948388,None,m,True,55.78427233399998,55.84305654199852,,,,,,,,,,,,,02,001,2025-11-17_09h58.11.264,solo project,,2025.1.1,121.33351502388682,2025-11-17 09h58.18.142547 +0530,
phone,call,related,word,m,41,41,0,m,1,0.5921350829958101,None,0,41,41,7,56.42257012499613,,,,,,,,,,,,,56.41264883399708,56.42257012499613,56.560523125001055,56.56057670900191,56.566795375001675,56.600368084000365,56.60400574999949,56.61113333400135,56.61113333400135,57.21257558400248,m,1,0.5921350829958101,None,m,True,56.566795375001675,56.61113333400135,,,,,,,,,,,,,02,001,2025-11-17_09h58.11.264,solo project,,2025.1.1,121.33351502388682,2025-11-17 09h58.18.142547 +0530,
cup,tea,related,word,m,42,42,0,m,1,0.523212499996589,None,0,42,42,15,57.22293137499946,,,,,,,,,,,,,57.21296179199999,57.22293137499946,57.36081720900256,57.360873874997196,57.36717916699854,57.400647208996816,57.40480550000211,57.41806920900126,57.41806920900126,57.94521745899692,m,1,0.523212499996589,None,m,True,57.36717916699854,57.41806920900126,,,,,,,,,,,,,02,001,2025-11-17_09h58.11.264,solo project,,2025.1.1,121.33351502388682,2025-11-17 09h58.18.142547 +0530,
flower,petal,related,word,m,43,43,0,m,1,0.6305599580009584,None,0,43,43,24,57.95557733399619,,,,,,,,,,,,,57.94571633399755,57.95557733399619,58.09405991699896,58.09413754200068,58.100573709001765,58.13386000000173,58.138027000000875,58.15973049999593,58.15973049999593,58.7963284169964,m,1,0.6305599580009584,None,m,True,58.100573709001765,58.15973049999593,,,,,,,,,,,,,02,001,2025-11-17_09h58.11.264,solo project,,2025.1.1,121.33351502388682,2025-11-17 09h58.18.142547 +0530,
ball,mirror,unrelated,word,m,44,44,0,m,1,0.46731774900399614,None,0,44,44,48,58.80709337499866,,,,,,,,,,,,,58.7969432089958,58.80709337499866,58.943677666997246,58.94372095899598,58.95001400000183,58.98357508399931,58.98737341699598,59.00992045900057,59.00992045900057,59.48551687500003,m,1,0.46731774900399614,None,m,True,58.95001400000183,59.00992045900057,,,,,,,,,,,,,02,001,2025-11-17_09h58.11.264,solo project,,2025.1.1,121.33351502388682,2025-11-17 09h58.18.142547 +0530,
river,chairy,unrelated,nonword,z,45,45,0,z,1,0.9412855000045965,None,0,45,45,84,59.49641816700023,,,,,,,,,,,,,59.48596287499822,59.49641816700023,59.63386883399653,59.633926041999075,59.64374500000122,59.67755000000034,59.68147008399683,59.68800583400298,59.68800583400298,60.635535374996834,z,1,0.9412855000045965,None,z,True,59.64374500000122,59.68800583400298,,,,,,,,,,,,,02,001,2025-11-17_09h58.11.264,solo project,,2025.1.1,121.33351502388682,2025-11-17 09h58.18.142547 +0530,
heart,beat,related,word,m,46,46,0,m,1,0.5354056659998605,None,0,46,46,11,60.64626158399915,,,,,,,,,,,,,60.63599370900192,60.64626158399915,60.78415416699863,60.78420679199917,60.79397387499921,60.827317124996625,60.83093058400118,60.837809208998806,60.837809208998806,61.379240333997586,m,1,0.5354056659998605,None,m,True,60.79397387499921,60.837809208998806,,,,,,,,,,,,,02,001,2025-11-17_09h58.11.264,solo project,,2025.1.1,121.33351502388682,2025-11-17 09h58.18.142547 +0530,
king,marker,unrelated,word,m,47,47,0,m,1,1.2720635830046376,None,0,47,47,38,61.387361166998744,,,,,,,,,,,,,61.37980845900165,61.387361166998744,61.52711620899936,61.52717870900233,61.533432500000345,61.56737016700208,61.57086949999939,61.593097750002926,61.593097750002926,62.868967959002475,m,1,1.2720635830046376,None,m,True,61.533432500000345,61.593097750002926,,,,,,,,,,,,,02,001,2025-11-17_09h58.11.264,solo project,,2025.1.1,121.33351502388682,2025-11-17 09h58.18.142547 +0530,
fire,blanketi,unrelated,nonword,z,48,48,0,z,1,0.776173790996836,None,0,48,48,89,62.87928000000102,,,,,,,,,,,,,62.86949258400273,62.87928000000102,63.01771929200186,63.01778416700108,63.02677825000137,63.06052500000078,63.065441667000414,63.071965124996495,63.071965124996495,63.85277495899936,z,1,0.776173790996836,None,z,True,63.02677825000137,63.071965124996495,,,,,,,,,,,,,02,001,2025-11-17_09h58.11.264,solo project,,2025.1.1,121.33351502388682,2025-11-17 09h58.18.142547 +0530,
cat,dogt,related,nonword,z,49,49,0,z,1,0.6102212499972666,None,0,49,49,51,63.86337079200166,,,,,,,,,,,,,63.853258666997135,63.86337079200166,64.00020100000256,64.00026016699849,64.01049654199596,64.04383766699902,64.04730225000094,64.05387275000248,64.05387275000248,64.66924966700026,z,1,0.6102212499972666,None,z,True,64.01049654199596,64.05387275000248,,,,,,,,,,,,,02,001,2025-11-17_09h58.11.264,solo project,,2025.1.1,121.33351502388682,2025-11-17 09h58.18.142547 +0530,
tree,speakert,unrelated,nonword,z,50,50,0,z,1,0.8778914169961354,None,0,50,50,95,64.67734375000146,,,,,,,,,,,,,64.66963691700221,64.67734375000146,64.81662733399571,64.81668120899849,64.8268407919968,64.86085695899965,64.86458950000087,64.87123237500055,64.87123237500055,65.75248570900294,z,1,0.8778914169961354,None,z,True,64.8268407919968,64.87123237500055,,,,,,,,,,,,,02,001,2025-11-17_09h58.11.264,solo project,,2025.1.1,121.33351502388682,2025-11-17 09h58.18.142547 +0530,
tree,leafw,related,nonword,z,51,51,0,z,1,0.7112205000012182,None,0,51,51,70,65.76292437499797,,,,,,,,,,,,,65.75296766700194,65.76292437499797,65.90119324999978,65.90124574999936,65.91021791700041,65.94390541699977,65.94823983399692,65.95488229199691,65.95488229199691,66.66949800000293,z,1,0.7112205000012182,None,z,True,65.91021791700041,65.95488229199691,,,,,,,,,,,,,02,001,2025-11-17_09h58.11.264,solo project,,2025.1.1,121.33351502388682,2025-11-17 09h58.18.142547 +0530,
river,waterr,related,nonword,z,52,52,0,z,1,0.7568394999980228,None,0,52,52,59,66.67971908400068,,,,,,,,,,,,,66.66994979199808,66.67971908400068,66.81641745899833,66.8164647090016,66.82688295900152,66.86083879199577,66.86464975000126,66.87128374999884,66.87128374999884,67.63440158400044,z,1,0.7568394999980228,None,z,True,66.82688295900152,66.87128374999884,,,,,,,,,,,,,02,001,2025-11-17_09h58.11.264,solo project,,2025.1.1,121.33351502388682,2025-11-17 09h58.18.142547 +0530,
pen,paperz,related,nonword,z,53,53,0,z,1,0.60199920800369,None,0,53,53,68,67.64524591699592,,,,,,,,,,,,,67.63482083399867,67.64524591699592,67.78373958399607,67.7837890419978,67.79334091700002,67.82717679200141,67.83142720899923,67.8380873749993,67.8380873749993,68.44513545899827,z,1,0.60199920800369,None,z,True,67.79334091700002,67.8380873749993,,,,,,,,,,,,,02,001,2025-11-17_09h58.11.264,solo project,,2025.1.1,121.33351502388682,2025-11-17 09h58.18.142547 +0530,
bread,buttera,related,nonword,z,54,54,0,z,1,0.8623387920015375,None,0,54,54,53,68.45348899999954,,,,,,,,,,,,,68.4455167499982,68.45348899999954,68.59384120899631,68.59391679200053,68.60047699999996,68.6340282500023,68.63895449999836,68.64570687500236,68.64570687500236,69.5121795840023,z,1,0.8623387920015375,None,z,True,68.60047699999996,68.64570687500236,,,,,,,,,,,,,02,001,2025-11-17_09h58.11.264,solo project,,2025.1.1,121.33351502388682,2025-11-17 09h58.18.142547 +0530,
heart,mountainp,unrelated,nonword,z,55,55,0,z,1,0.7655490410033963,None,0,55,55,86,69.52262545900157,,,,,,,,,,,,,69.51265187499666,69.52262545900157,69.66042558399931,69.66048541700002,69.66655399999581,69.70045008399757,69.70444537499861,69.72636670900101,69.72636670900101,70.49556774999655,z,1,0.7655490410033963,None,z,True,69.66655399999581,69.72636670900101,,,,,,,,,,,,,02,001,2025-11-17_09h58.11.264,solo project,,2025.1.1,121.33351502388682,2025-11-17 09h58.18.142547 +0530,
mother,bottlex,unrelated,nonword,z,56,56,0,z,1,0.9369283329942846,None,0,56,56,80,70.50593216699781,,,,,,,,,,,,,70.4959267919985,70.50593216699781,70.64393541699974,70.64401433400053,70.65043941699696,70.68384858399804,70.68801320900093,70.69502804199874,70.69502804199874,71.63556012499612,z,1,0.9369283329942846,None,z,True,70.65043941699696,70.69502804199874,,,,,,,,,,,,,02,001,2025-11-17_09h58.11.264,solo project,,2025.1.1,121.33351502388682,2025-11-17 09h58.18.142547 +0530,
shoe,keyboard,unrelated,word,m,57,57,0,m,1,0.8487017500010552,None,0,57,57,46,71.64613599999575,,,,,,,,,,,,,71.63608029200259,71.64613599999575,71.78420612499758,71.78426745899924,71.7936060419961,71.82715508399997,71.83161987499625,71.83828287499637,71.83828287499637,72.69565333399805,m,1,0.8487017500010552,None,m,True,71.7936060419961,71.83828287499637,,,,,,,,,,,,,02,001,2025-11-17_09h58.11.264,solo project,,2025.1.1,121.33351502388682,2025-11-17 09h58.18.142547 +0530,
cat,pencilu,unrelated,nonword,z,58,58,0,z,1,1.1483646670021699,None,0,58,58,76,72.70623495899781,,,,,,,,,,,,,72.69618600000103,72.70623495899781,72.84415629199793,72.84423662500194,72.85090299999865,72.88417199999822,72.88770420900255,72.90965245899861,72.90965245899861,74.06198333400243,z,1,1.1483646670021699,None,z,True,72.85090299999865,72.90965245899861,,,,,,,,,,,,,02,001,2025-11-17_09h58.11.264,solo project,,2025.1.1,121.33351502388682,2025-11-17 09h58.18.142547 +0530,
bread,music,unrelated,word,m,59,59,0,m,1,0.8926461669980199,None,0,59,59,28,74.07242720900103,,,,,,,,,,,,,74.06247229199653,74.07242720900103,74.21057658400241,74.21064374999696,74.21718937499827,74.25049704199773,74.25548966699716,74.26221775000158,74.26221775000158,75.16209079200053,m,1,0.8926461669980199,None,m,True,74.21718937499827,74.26221775000158,,,,,,,,,,,,,02,001,2025-11-17_09h58.11.264,solo project,,2025.1.1,121.33351502388682,2025-11-17 09h58.18.142547 +0530,
king,queen,related,word,m,60,60,0,m,1,0.7210161249968223,None,0,60,60,13,75.17246608399728,,,,,,,,,,,,,75.16248274999816,75.17246608399728,75.30997191699862,75.31004308399861,75.3162400000001,75.35053524999967,75.35479179200047,75.36183179199725,75.36183179199725,76.08552554200287,m,1,0.7210161249968223,None,m,True,75.3162400000001,75.36183179199725,,,,,,,,,,,,,02,001,2025-11-17_09h58.11.264,solo project,,2025.1.1,121.33351502388682,2025-11-17 09h58.18.142547 +0530,
heart,beatu,related,nonword,z,61,61,0,z,1,0.9043182500026887,None,0,61,61,61,76.09619591700175,,,,,,,,,,,,,76.08588874999987,76.09619591700175,76.23685008400207,76.23690129200259,76.2435153339975,76.2774488340001,76.28086541700031,76.287496500001,76.287496500001,77.19531766699947,z,1,0.9043182500026887,None,z,True,,76.287496500001,,,,,,,,,,,,,02,001,2025-11-17_09h58.11.264,solo project,,2025.1.1,121.33351502388682,2025-11-17 09h58.18.142547 +0530,
rain,cloudx,related,nonword,z,62,62,0,z,1,0.5632266660031746,None,0,62,62,67,77.20541833400057,,,,,,,,,,,,,77.1956682500022,77.20541833400057,77.34261583400075,77.34266358400055,77.34750150000036,77.38372441699903,77.38740995900298,77.40957175000221,77.40957175000221,77.97783466699912,z,1,0.5632266660031746,None,z,True,77.34750150000036,77.40957175000221,,,,,,,,,,,,,02,001,2025-11-17_09h58.11.264,solo project,,2025.1.1,121.33351502388682,2025-11-17 09h58.18.142547 +0530,
road,candle,unrelated,word,m,63,63,0,m,1,0.5986869580010534,None,0,63,63,44,77.98523245900287,,,,,,,,,,,,,77.97821708399715,77.98523245900287,78.12726158399892,78.12733920900064,78.1338858750023,78.16710587499983,78.17073204200278,78.19304120900051,78.19304120900051,78.79477324999607,m,1,0.5986869580010534,None,m,True,78.1338858750023,78.19304120900051,,,,,,,,,,,,,02,001,2025-11-17_09h58.11.264,solo project,,2025.1.1,121.33351502388682,2025-11-17 09h58.18.142547 +0530,
mother,child,related,word,m,64,64,0,m,1,0.7149852080037817,None,0,64,64,5,78.80481866699847,,,,,,,,,,,,,78.79512354199687,78.80481866699847,78.94398858399654,78.94403262499691,78.9502747919978,78.98402725000051,78.98768362499686,79.00981104200036,79.00981104200036,79.72912299999734,m,1,0.7149852080037817,None,m,True,78.9502747919978,79.00981104200036,,,,,,,,,,,,,02,001,2025-11-17_09h58.11.264,solo project,,2025.1.1,121.33351502388682,2025-11-17 09h58.18.142547 +0530,
river,water,related,word,m,65,65,0,m,1,0.6530845829984173,None,0,65,65,9,79.73733533400082,,,,,,,,,,,,,79.72961679199943,79.73733533400082,79.87721466700168,79.87728583400167,79.88381408400164,79.91680262499722,79.92070745900128,79.9276668340026,79.9276668340026,80.58593783400283,m,1,0.6530845829984173,None,m,True,79.88381408400164,79.9276668340026,,,,,,,,,,,,,02,001,2025-11-17_09h58.11.264,solo project,,2025.1.1,121.33351502388682,2025-11-17 09h58.18.142547 +0530,
car,engine,related,word,m,66,66,0,m,1,0.6141192499999306,None,0,66,66,6,80.59430608399998,,,,,,,,,,,,,80.58639541699813,80.59430608399998,80.73029491699708,80.73033637499611,80.74322370899608,80.77690320900001,80.78015625000262,80.78668104200187,80.78668104200187,81.41149816699908,m,1,0.6141192499999306,None,m,True,80.74322370899608,80.78668104200187,,,,,,,,,,,,,02,001,2025-11-17_09h58.11.264,solo project,,2025.1.1,121.33351502388682,2025-11-17 09h58.18.142547 +0530,
car,enginek,related,nonword,z,67,67,0,z,1,0.7766255829992588,None,0,67,67,56,81.42183129199839,,,,,,,,,,,,,81.41188529200008,81.42183129199839,81.56039187499846,81.56044533399836,81.56808683399868,81.61043520899693,81.61441279199789,81.62113474999933,81.62113474999933,82.40180291699653,z,1,0.7766255829992588,None,z,True,81.56808683399868,81.62113474999933,,,,,,,,,,,,,02,001,2025-11-17_09h58.11.264,solo project,,2025.1.1,121.33351502388682,2025-11-17 09h58.18.142547 +0530,
king,queenm,related,nonword,z,68,68,0,z,1,0.8460044169987668,None,0,68,68,63,82.4128260840007,,,,,,,,,,,,,82.40234979199886,82.4128260840007,82.55212545899849,82.55218274999788,82.55911729199579,82.59408979200089,82.59816033399693,82.60467704199982,82.60467704199982,83.46274070900108,z,1,0.8460044169987668,None,z,True,,82.60467704199982,,,,,,,,,,,,,02,001,2025-11-17_09h58.11.264,solo project,,2025.1.1,121.33351502388682,2025-11-17 09h58.18.142547 +0530,
sun,glassp,unrelated,nonword,z,69,69,0,z,1,0.8168049169980804,None,0,69,69,77,83.47344120899652,,,,,,,,,,,,,83.4632852499999,83.47344120899652,83.61031337500026,83.61039020899625,83.61700516699784,83.6503610840009,83.6539745839982,83.66089833399747,83.66089833399747,84.4855275000009,z,1,0.8168049169980804,None,z,True,83.61700516699784,83.66089833399747,,,,,,,,,,,,,02,001,2025-11-17_09h58.11.264,solo project,,2025.1.1,121.33351502388682,2025-11-17 09h58.18.142547 +0530,
bird,wingl,related,nonword,z,70,70,0,z,1,1.0421764999991865,None,0,70,70,60,84.4961478749974,,,,,,,,,,,,,84.48590900000272,84.4961478749974,84.63353045900294,84.63358408399654,84.64345204200072,84.67720854200161,84.6808734169972,84.68744175000029,84.68744175000029,85.73479295899597,z,1,1.0421764999991865,None,z,True,84.64345204200072,84.68744175000029,,,,,,,,,,,,,02,001,2025-11-17_09h58.11.264,solo project,,2025.1.1,121.33351502388682,2025-11-17 09h58.18.142547 +0530,
salt,camera,unrelated,word,m,71,71,0,m,1,0.8461052079946967,None,0,71,71,47,85.74607675000152,,,,,,,,,,,,,85.73518708399934,85.74607675000152,85.88450537499739,85.88455412499752,85.89322033400094,85.92730641699745,85.93192854199879,85.93855454200093,85.93855454200093,86.79458245899878,m,1,0.8461052079946967,None,m,True,85.89322033400094,85.93855454200093,,,,,,,,,,,,,02,001,2025-11-17_09h58.11.264,solo project,,2025.1.1,121.33351502388682,2025-11-17 09h58.18.142547 +0530,
music,platek,unrelated,nonword,z,72,72,0,z,1,0.8410520000034012,None,0,72,72,87,86.80486554199888,,,,,,,,,,,,,86.79498633399635,86.80486554199888,86.94369420899602,86.94375612500153,86.95025520899799,86.98380883399659,86.98742741699971,87.00951091699972,87.00951091699972,87.85273129199777,z,1,0.8410520000034012,None,z,True,86.95025520899799,87.00951091699972,,,,,,,,,,,,,02,001,2025-11-17_09h58.11.264,solo project,,2025.1.1,121.33351502388682,2025-11-17 09h58.18.142547 +0530,
rain,cloud,related,word,m,73,73,0,m,1,0.8651449580065673,None,0,73,73,17,87.86050216700096,,,,,,,,,,,,,87.8532224169976,87.86050216700096,87.99368087499897,87.99374874999921,87.99999012499757,88.03368970900192,88.03722495900001,88.05046749999747,88.05046749999747,88.91893125000206,m,1,0.8651449580065673,None,m,True,87.99999012499757,88.04345374999684,,,,,,,,,,,,,02,001,2025-11-17_09h58.11.264,solo project,,2025.1.1,121.33351502388682,2025-11-17 09h58.18.142547 +0530,
flower,bottlev,unrelated,nonword,z,74,74,0,z,1,0.7418659159957315,None,0,74,74,99,88.92933783400076,,,,,,,,,,,,,88.91940249999607,88.92933783400076,89.06771929199749,89.06777866699849,89.07634833399788,89.11032179200265,89.11412649999693,89.12067308399855,89.12067308399855,89.86893458399572,z,1,0.7418659159957315,None,z,True,89.07634833399788,89.12067308399855,,,,,,,,,,,,,02,001,2025-11-17_09h58.11.264,solo project,,2025.1.1,121.33351502388682,2025-11-17 09h58.18.142547 +0530,
cat,dog,related,word,m,75,75,0,m,1,1.0688147910041152,None,0,75,75,1,89.87917366700276,,,,,,,,,,,,,89.86932808400161,89.87917366700276,90.01703212499706,90.01707012500265,90.0265965419967,90.06042979199992,90.0642540839981,90.075748999996,90.075748999996,91.1525696250028,m,1,1.0688147910041152,None,m,True,90.0265965419967,90.075748999996,,,,,,,,,,,,,02,001,2025-11-17_09h58.11.264,solo project,,2025.1.1,121.33351502388682,2025-11-17 09h58.18.142547 +0530,
fire,heatt,related,nonword,z,76,76,0,z,1,0.6131827909994172,None,0,76,76,64,91.16254183399724,,,,,,,,,,,,,91.15295483399677,91.16254183399724,91.30007237500104,91.30013204200077,91.31007145899639,91.34404758399614,91.3477190420017,91.35436350000236,91.35436350000236,91.97879054200166,z,1,0.6131827909994172,None,z,True,91.31007145899639,91.35436350000236,,,,,,,,,,,,,02,001,2025-11-17_09h58.11.264,solo project,,2025.1.1,121.33351502388682,2025-11-17 09h58.18.142547 +0530,
book,page,related,word,m,77,77,0,z,0,0.5650470830005361,None,0,77,77,8,91.98904104199755,,,,,,,,,,,,,91.97917325000162,91.98904104199755,92.1260647090021,92.12612025000271,92.13235958400037,92.16675404200214,92.17038283399597,92.17746125000122,92.17746125000122,92.7455505839971,z,0,0.5650470830005361,None,z,False,92.13235958400037,92.17746125000122,,,,,,,,,,,,,02,001,2025-11-17_09h58.11.264,solo project,,2025.1.1,121.33351502388682,2025-11-17 09h58.18.142547 +0530,
phone,forestt,unrelated,nonword,z,78,78,0,z,1,0.9512006660006591,None,0,78,78,82,92.75588266699924,,,,,,,,,,,,,92.74603687499621,92.75588266699924,92.89335691699671,92.89343154199742,92.9001326669968,92.93345554199914,92.93723287499597,92.94423020900285,92.94423020900285,93.90176795899606,z,1,0.9512006660006591,None,z,True,92.9001326669968,92.94423020900285,,,,,,,,,,,,,02,001,2025-11-17_09h58.11.264,solo project,,2025.1.1,121.33351502388682,2025-11-17 09h58.18.142547 +0530,
shirt,river,unrelated,word,m,79,79,0,m,1,0.6980980000007548,None,0,79,79,41,93.91252737499599,,,,,,,,,,,,,93.90216579200205,93.91252737499599,94.0498232089958,94.04987587499636,94.06031591699866,94.09397349999927,94.09771429200191,94.10436333400139,94.10436333400139,94.81169041700196,m,1,0.6980980000007548,None,m,True,94.06031591699866,94.10436333400139,,,,,,,,,,,,,02,001,2025-11-17_09h58.11.264,solo project,,2025.1.1,121.33351502388682,2025-11-17 09h58.18.142547 +0530,
shirt,clothp,related,nonword,z,80,80,0,z,1,0.6916829990004771,None,0,80,80,66,94.820781041999,,,,,,,,,,,,,94.81194200000027,94.820781041999,94.9534473340027,94.95349558399903,94.96017349999602,94.99394408400258,94.99742320900259,95.01073816700227,95.01073816700227,95.7128790420029,z,1,0.6916829990004771,None,z,True,94.96017349999602,95.00328629199794,,,,,,,,,,,,,02,001,2025-11-17_09h58.11.264,solo project,,2025.1.1,121.33351502388682,2025-11-17 09h58.18.142547 +0530,
rain,enginez,unrelated,nonword,z,81,81,0,z,1,0.5573813329974655,None,0,81,81,92,95.72478404200228,,,,,,,,,,,,,95.71328337500017,95.72478404200228,95.86050466699817,95.86058570900059,95.86743208400003,95.91091529199912,95.9149108749989,95.92206145900127,95.92206145900127,96.48545341700083,z,1,0.5573813329974655,None,z,True,95.86743208400003,95.92206145900127,,,,,,,,,,,,,02,001,2025-11-17_09h58.11.264,solo project,,2025.1.1,121.33351502388682,2025-11-17 09h58.18.142547 +0530,
car,windoww,unrelated,nonword,z,82,82,0,z,1,0.524370416002057,None,0,82,82,81,96.49601145899942,,,,,,,,,,,,,96.485912791999,96.49601145899942,96.63395470900286,96.6340114170016,96.64303329199902,96.6774375419991,96.68150099999912,96.68805599999905,96.68805599999905,97.21881366700109,z,1,0.524370416002057,None,z,True,96.64303329199902,96.68805599999905,,,,,,,,,,,,,02,001,2025-11-17_09h58.11.264,solo project,,2025.1.1,121.33351502388682,2025-11-17 09h58.18.142547 +0530,
shirt,riverl,unrelated,nonword,z,83,83,0,z,1,0.6494408330036094,None,0,83,83,91,97.22914399999718,,,,,,,,,,,,,97.2192590420018,97.22914399999718,97.36618525000085,97.36622595899826,97.37658204200125,97.41065416699712,97.41544374999648,97.421956416998,97.421956416998,98.07880695899803,z,1,0.6494408330036094,None,z,True,97.37658204200125,97.421956416998,,,,,,,,,,,,,02,001,2025-11-17_09h58.11.264,solo project,,2025.1.1,121.33351502388682,2025-11-17 09h58.18.142547 +0530,
pen,paper,related,word,m,84,84,0,z,0,0.5135191660010605,None,0,84,84,18,98.08945674999995,,,,,,,,,,,,,98.07933079199574,98.08945674999995,98.2285267920015,98.22857875000045,98.23396829199919,98.26719479200256,98.27087575000041,98.29284058399935,98.29284058399935,98.81251179199899,z,0,0.5135191660010605,None,z,False,98.23396829199919,98.29284058399935,,,,,,,,,,,,,02,001,2025-11-17_09h58.11.264,solo project,,2025.1.1,121.33351502388682,2025-11-17 09h58.18.142547 +0530,
ball,game,related,word,m,85,85,0,m,1,0.6443398740011617,None,0,85,85,23,98.82060170899786,,,,,,,,,,,,,98.81303141699755,98.82060170899786,98.96023683399835,98.96031583399599,98.96679604199744,99.00055925000197,99.0039678749963,99.02600808400166,99.02600808400166,99.67865695899673,m,1,0.6443398740011617,None,m,True,98.96679604199744,99.02600808400166,,,,,,,,,,,,,02,001,2025-11-17_09h58.11.264,solo project,,2025.1.1,121.33351502388682,2025-11-17 09h58.18.142547 +0530,
cup,brick,unrelated,word,m,86,86,0,m,1,0.8699128739972366,None,0,86,86,40,99.68884437499946,,,,,,,,,,,,,99.6790813339976,99.68884437499946,99.82709954200254,99.82717933400272,99.83375595899997,99.86713824999606,99.87147891699715,99.87865566700202,99.87865566700202,100.75195895900106,m,1,0.8699128739972366,None,m,True,99.83375595899997,99.87865566700202,,,,,,,,,,,,,02,001,2025-11-17_09h58.11.264,solo project,,2025.1.1,121.33351502388682,2025-11-17 09h58.18.142547 +0530,
sun,light,related,word,m,87,87,0,m,1,0.6174646240033326,None,0,87,87,2,100.76273699999729,,,,,,,,,,,,,100.75235575000261,100.76273699999729,100.90010695900128,100.90015249999851,100.90995195900177,100.94404895899788,100.9482459589999,100.95489712499693,100.95489712499693,101.57799350000278,m,1,0.6174646240033326,None,m,True,100.90995195900177,100.95489712499693,,,,,,,,,,,,,02,001,2025-11-17_09h58.11.264,solo project,,2025.1.1,121.33351502388682,2025-11-17 09h58.18.142547 +0530,
bird,wing,related,word,m,88,88,0,m,1,0.508155124996847,None,0,88,88,10,101.58552962500107,,,,,,,,,,,,,101.57836712500284,101.58552962500107,101.7271072500007,101.72716495899658,101.7334258339979,101.76714683399769,101.77109720899898,101.77819654199993,101.77819654199993,102.2958996669986,m,1,0.508155124996847,None,m,True,101.7334258339979,101.77819654199993,,,,,,,,,,,,,02,001,2025-11-17_09h58.11.264,solo project,,2025.1.1,121.33351502388682,2025-11-17 09h58.18.142547 +0530,
teacher,studenth,related,nonword,z,89,89,0,z,1,0.497850624997227,None,0,89,89,54,102.30665795900131,,,,,,,,,,,,,102.29644179200113,102.30665795900131,102.44331041700207,102.44337433399778,102.44969924999896,102.48290991700196,102.48717049999686,102.50941466700169,102.50941466700169,103.01173870899947,z,1,0.497850624997227,None,z,True,102.44969924999896,102.50941466700169,,,,,,,,,,,,,02,001,2025-11-17_09h58.11.264,solo project,,2025.1.1,121.33351502388682,2025-11-17 09h58.18.142547 +0530,
book,hammer,unrelated,word,m,90,90,0,z,0,0.7225524579989724,None,0,90,90,33,103.02053054200223,,,,,,,,,,,,,103.01211329199577,103.02053054200223,103.16038654199656,103.16045145899989,103.16699683399929,103.2005345840007,103.20472549999977,103.21170633399743,103.21170633399743,103.94492195900239,z,0,0.7225524579989724,None,z,False,103.16699683399929,103.21170633399743,,,,,,,,,,,,,02,001,2025-11-17_09h58.11.264,solo project,,2025.1.1,121.33351502388682,2025-11-17 09h58.18.142547 +0530,
doctor,nurse,related,word,m,91,91,0,m,1,0.6048902490001637,None,0,91,91,0,103.9564658340023,,,,,,,,,,,,,103.94531524999911,103.9564658340023,104.09376029200212,104.09382258400001,104.10049887499918,104.13418158399872,104.13781445899804,104.14529716700054,104.14529716700054,104.7612911249962,m,1,0.6048902490001637,None,m,True,104.10049887499918,104.14529716700054,,,,,,,,,,,,,02,001,2025-11-17_09h58.11.264,solo project,,2025.1.1,121.33351502388682,2025-11-17 09h58.18.142547 +0530,
shirt,cloth,related,word,m,92,92,0,m,1,0.6195667499996489,None,0,92,92,16,104.77176954199967,,,,,,,,,,,,,104.76173462499719,104.77176954199967,104.91025941699627,104.9103363749964,104.91692250000051,104.95047758399596,104.95469683400006,104.96159616699879,104.96159616699879,105.5856534170016,m,1,0.6195667499996489,None,m,True,104.91692250000051,104.96159616699879,,,,,,,,,,,,,02,001,2025-11-17_09h58.11.264,solo project,,2025.1.1,121.33351502388682,2025-11-17 09h58.18.142547 +0530,
ball,mirrord,unrelated,nonword,z,93,93,0,m,0,0.6207412910007406,None,0,93,93,98,105.59596474999853,,,,,,,,,,,,,105.5861535840013,105.59596474999853,105.73361729199678,105.73366749999695,105.74354270900221,105.77673366700037,105.78009583400126,105.78683337500115,105.78683337500115,106.41185570899688,m,0,0.6207412910007406,None,m,False,105.74354270900221,105.78683337500115,,,,,,,,,,,,,02,001,2025-11-17_09h58.11.264,solo project,,2025.1.1,121.33351502388682,2025-11-17 09h58.18.142547 +0530,
music,song,related,word,m,94,94,0,z,0,0.851789957996516,None,0,94,94,12,106.42217141699803,,,,,,,,,,,,,106.4123670839981,106.42217141699803,106.56033720899723,106.56039774999954,106.56714400000055,106.59994383400044,106.60324912500073,106.61035770899616,106.61035770899616,107.46906620899972,z,0,0.851789957996516,None,z,False,106.56714400000055,106.61035770899616,,,,,,,,,,,,,02,001,2025-11-17_09h58.11.264,solo project,,2025.1.1,121.33351502388682,2025-11-17 09h58.18.142547 +0530,
bread,butter,related,word,m,95,95,0,m,1,1.0229064579980331,None,0,95,95,3,107.47918791700067,,,,,,,,,,,,,107.4694930839978,107.47918791700067,107.61718241700146,107.61724312500155,107.62624033400061,107.66057470899977,107.66660570899694,107.67328341699613,107.67328341699613,108.70192600000155,m,1,1.0229064579980331,None,m,True,107.62624033400061,107.67328341699613,,,,,,,,,,,,,02,001,2025-11-17_09h58.11.264,solo project,,2025.1.1,121.33351502388682,2025-11-17 09h58.18.142547 +0530,
cat,pencil,unrelated,word,m,96,96,0,m,1,0.6179847079984029,None,0,96,96,26,108.71264687499934,,,,,,,,,,,,,108.702370084,108.71264687499934,108.85032516699721,108.85037412500242,108.85984070899576,108.89352874999895,108.89753908399871,108.9041429170029,108.9041429170029,109.52863345899823,m,1,0.6179847079984029,None,m,True,108.85984070899576,108.9041429170029,,,,,,,,,,,,,02,001,2025-11-17_09h58.11.264,solo project,,2025.1.1,121.33351502388682,2025-11-17 09h58.18.142547 +0530,
bird,cupq,unrelated,nonword,z,97,97,0,z,1,0.7059194579996984,None,0,97,97,85,109.53903174999868,,,,,,,,,,,,,109.52901933399698,109.53903174999868,109.6766573749992,109.67669941700296,109.68287616699672,109.71678249999968,109.72008875000029,109.72715687500022,109.72715687500022,110.43578337499639,z,1,0.7059194579996984,None,z,True,109.68287616699672,109.72715687500022,,,,,,,,,,,,,02,001,2025-11-17_09h58.11.264,solo project,,2025.1.1,121.33351502388682,2025-11-17 09h58.18.142547 +0530,
bird,cup,unrelated,word,m,98,98,0,m,1,0.7916986670024926,None,0,98,98,35,110.44448479200219,,,,,,,,,,,,,110.43616604199633,110.44448479200219,110.5773036669998,110.57737670899951,110.58397908399638,110.61704350000218,110.62028604200168,110.63792012500198,110.63792012500198,111.43553062499996,m,1,0.7916986670024926,None,m,True,110.58397908399638,110.62667408400011,,,,,,,,,,,,,02,001,2025-11-17_09h58.11.264,solo project,,2025.1.1,121.33351502388682,2025-11-17 09h58.18.142547 +0530,
music,songy,related,nonword,z,99,99,0,z,1,0.5764879580019624,None,0,99,99,62,111.44619704200159,,,,,,,,,,,,,111.4359303750025,111.44619704200159,111.58669083399582,111.58674633399642,111.59331270900293,111.62714024999877,111.63092133399914,111.63754920900101,111.63754920900101,112.21854720899864,z,1,0.5764879580019624,None,z,True,,111.63754920900101,,,,,,,,,,,,,02,001,2025-11-17_09h58.11.264,solo project,,2025.1.1,121.33351502388682,2025-11-17 09h58.18.142547 +0530,
,,,,,,,,,,,,,,,,,,,,,,,,,,,,,,,,,,,,,,,,,,,,,,,,112.21881858399865,112.22899041700293,112.72599712500232,112.71643966699776,,,,,,,,02,001,2025-11-17_09h58.11.264,solo project,,2025.1.1,121.33351502388682,2025-11-17 09h58.18.142547 +0530,
,,,,,,,,,,,,,,,,,,,,,,,,,,,,,,,,,,,,,,,,,,,,,,,,,,,,112.71651783400011,112.72599712500232,112.72599712500232,114.41222008399927,space,1.6830899579945253,None,02,001,2025-11-17_09h58.11.264,solo project,,2025.1.1,121.33351502388682,2025-11-17 09h58.18.142547 +0530,
