pos,corr_resp,thisN,thisTrialN,thisRepN,key_resp.keys,key_resp.corr,key_resp.rt,key_resp.duration,key_resp_2.keys,key_resp_2.corr,key_resp_2.rt,key_resp_2.duration,trials.thisRepN,trials.thisTrialN,trials.thisN,trials.thisIndex,trials_2.thisRepN,trials_2.thisTrialN,trials_2.thisN,trials_2.thisIndex,thisRow.t,notes,trial.started,fixation.started,line1.started,line2.started,line3.started,line4.started,fixation.stopped,probe.started,key_resp.started,trial.stopped,trials.key_resp.keys,trials.key_resp.corr,trials.key_resp.rt,trials.key_resp.duration,trial_2.started,Fixation.started,Line1.started,Line2.started,Line3.started,Line4.started,Fixation.stopped,Probe.started,key_resp_2.started,trial_2.stopped,trials_2.key_resp_2.keys,trials_2.key_resp_2.corr,trials_2.key_resp_2.rt,trials_2.key_resp_2.duration,participant,session,date,expName,expVersion,psychopyVersion,frameRate,expStart
-50,x,0,0,0,x,1,0.369138711,None,,,,,0,0,0,0,,,,,0.041355551,,0.021659972,0.041355551,0.99453614,0.99453614,0.99453614,0.99453614,1.034323101,1.993948471,1.993948471,2.680486558,x,1,0.369138711,None,,,,,,,,,,,,,,,5,1,2025-10-02_18h00.45.680,Motor Sequence Learning,,2025.1.1,89.10441622,2025-10-02 18h00.56.765510 +0530
150,v,1,1,0,v,1,0.285651556,None,,,,,0,1,1,1,,,,,2.69738339,,2.680830062,2.69738339,3.677068852,3.677068852,3.677068852,3.677068852,3.69357013,4.676975101,4.676975101,4.968495175,v,1,0.285651556,None,,,,,,,,,,,,,,,5,1,2025-10-02_18h00.45.680,Motor Sequence Learning,,2025.1.1,89.10441622,2025-10-02 18h00.56.765510 +0530
50,c,2,2,0,c,1,0.216588103,None,,,,,0,2,2,2,,,,,4.976811502,,4.96882501,4.976811502,5.967353585,5.967353585,5.967353585,5.967353585,5.967353585,6.967084213,6.967084213,7.194511713,c,1,0.216588103,None,,,,,,,,,,,,,,,5,1,2025-10-02_18h00.45.680,Motor Sequence Learning,,2025.1.1,89.10441622,2025-10-02 18h00.56.765510 +0530
-150,z,3,3,0,z,1,0.255964479,None,,,,,0,3,3,3,,,,,7.202622621,,7.194924912,7.202622621,8.184387671,8.184387671,8.184387671,8.184387671,8.199595065,9.193509262,9.193509262,9.45154101,z,1,0.255964479,None,,,,,,,,,,,,,,,5,1,2025-10-02_18h00.45.680,Motor Sequence Learning,,2025.1.1,89.10441622,2025-10-02 18h00.56.765510 +0530
-50,x,4,0,1,x,1,0.285214121,None,,,,,1,0,4,0,,,,,9.46014163,,9.451867086,9.46014163,10.45117343,10.45117343,10.45117343,10.45117343,10.45117343,11.4511255,11.4511255,11.7445124,x,1,0.285214121,None,,,,,,,,,,,,,,,5,1,2025-10-02_18h00.45.680,Motor Sequence Learning,,2025.1.1,89.10441622,2025-10-02 18h00.56.765510 +0530
150,v,5,1,1,v,1,0.279779849,None,,,,,1,1,5,1,,,,,11.75235494,,11.74482757,11.75235494,12.73431982,12.73431982,12.73431982,12.73431982,12.75033176,13.73458878,13.73458878,14.01852693,v,1,0.279779849,None,,,,,,,,,,,,,,,5,1,2025-10-02_18h00.45.680,Motor Sequence Learning,,2025.1.1,89.10441622,2025-10-02 18h00.56.765510 +0530
50,c,6,2,1,c,1,0.436739778,None,,,,,1,2,6,2,,,,,14.02685531,,14.01884648,14.02685531,15.01741584,15.01741584,15.01741584,15.01741584,15.01741584,16.01745273,16.01745273,16.46121537,c,1,0.436739778,None,,,,,,,,,,,,,,,5,1,2025-10-02_18h00.45.680,Motor Sequence Learning,,2025.1.1,89.10441622,2025-10-02 18h00.56.765510 +0530
-150,z,7,3,1,z,1,0.292370906,None,,,,,1,3,7,3,,,,,16.46908035,,16.46153302,16.46908035,17.46032824,17.46032824,17.46032824,17.46032824,17.46714252,18.45075859,18.45075859,18.74473394,z,1,0.292370906,None,,,,,,,,,,,,,,,5,1,2025-10-02_18h00.45.680,Motor Sequence Learning,,2025.1.1,89.10441622,2025-10-02 18h00.56.765510 +0530
-50,x,8,0,2,x,1,0.301149003,None,,,,,2,0,8,0,,,,,18.75063535,,18.74506249,18.75063535,19.74363148,19.74363148,19.74363148,19.74363148,19.75067047,20.74291166,20.74291166,21.05190287,x,1,0.301149003,None,,,,,,,,,,,,,,,5,1,2025-10-02_18h00.45.680,Motor Sequence Learning,,2025.1.1,89.10441622,2025-10-02 18h00.56.765510 +0530
150,v,9,1,2,v,1,0.427033725,None,,,,,2,1,9,1,,,,,21.06033413,,21.05225147,21.06033413,22.05011267,22.05011267,22.05011267,22.05011267,22.05011267,23.05076898,23.05076898,23.48520768,v,1,0.427033725,None,,,,,,,,,,,,,,,5,1,2025-10-02_18h00.45.680,Motor Sequence Learning,,2025.1.1,89.10441622,2025-10-02 18h00.56.765510 +0530
50,c,10,2,2,c,1,0.273839822,None,,,,,2,2,10,2,,,,,23.49368827,,23.48553422,23.49368827,24.48347771,24.48347771,24.48347771,24.48347771,24.48347771,25.48420417,25.48420417,25.76115358,c,1,0.273839822,None,,,,,,,,,,,,,,,5,1,2025-10-02_18h00.45.680,Motor Sequence Learning,,2025.1.1,89.10441622,2025-10-02 18h00.56.765510 +0530
-150,z,11,3,2,z,1,0.298504868,None,,,,,2,3,11,3,,,,,25.7690874,,25.76147923,25.7690874,26.7510716,26.7510716,26.7510716,26.7510716,26.76679577,27.7601501,27.7601501,28.06115095,z,1,0.298504868,None,,,,,,,,,,,,,,,5,1,2025-10-02_18h00.45.680,Motor Sequence Learning,,2025.1.1,89.10441622,2025-10-02 18h00.56.765510 +0530
-50,x,12,0,3,x,1,0.360581107,None,,,,,3,0,12,0,,,,,28.06904117,,28.06148013,28.06904117,29.06015394,29.06015394,29.06015394,29.06015394,29.06752673,30.06003879,30.06003879,30.42752146,x,1,0.360581107,None,,,,,,,,,,,,,,,5,1,2025-10-02_18h00.45.680,Motor Sequence Learning,,2025.1.1,89.10441622,2025-10-02 18h00.56.765510 +0530
150,v,13,1,3,v,1,0.262837161,None,,,,,3,1,13,1,,,,,30.43536819,,30.42784346,30.43536819,31.42678616,31.42678616,31.42678616,31.42678616,31.43382551,32.41772478,32.41772478,32.68516885,v,1,0.262837161,None,,,,,,,,,,,,,,,5,1,2025-10-02_18h00.45.680,Motor Sequence Learning,,2025.1.1,89.10441622,2025-10-02 18h00.56.765510 +0530
50,c,14,2,3,c,1,0.264361582,None,,,,,3,2,14,2,,,,,32.69365761,,32.68549621,32.69365761,33.68383178,33.68383178,33.68383178,33.68383178,33.68383178,34.6840189,34.6840189,34.95159835,c,1,0.264361582,None,,,,,,,,,,,,,,,5,1,2025-10-02_18h00.45.680,Motor Sequence Learning,,2025.1.1,89.10441622,2025-10-02 18h00.56.765510 +0530
-150,z,15,3,3,z,1,0.394529928,None,,,,,3,3,15,3,,,,,34.9599553,,34.95192569,34.9599553,35.95057309,35.95057309,35.95057309,35.95057309,35.95057309,36.94271857,36.94271857,37.34426522,z,1,0.394529928,None,,,,,,,,,,,,,,,5,1,2025-10-02_18h00.45.680,Motor Sequence Learning,,2025.1.1,89.10441622,2025-10-02 18h00.56.765510 +0530
-50,x,16,0,4,x,1,0.27328697,None,,,,,4,0,16,0,,,,,37.35217634,,37.3445837,37.35217634,38.33343854,38.33343854,38.33343854,38.33343854,38.35020258,39.33393538,39.33393538,39.61119823,x,1,0.27328697,None,,,,,,,,,,,,,,,5,1,2025-10-02_18h00.45.680,Motor Sequence Learning,,2025.1.1,89.10441622,2025-10-02 18h00.56.765510 +0530
150,v,17,1,4,v,1,0.271356177,None,,,,,4,1,17,1,,,,,39.61915805,,39.61152539,39.61915805,40.60997838,40.60997838,40.60997838,40.60997838,40.61708198,41.61001211,41.61001211,41.88474043,v,1,0.271356177,None,,,,,,,,,,,,,,,5,1,2025-10-02_18h00.45.680,Motor Sequence Learning,,2025.1.1,89.10441622,2025-10-02 18h00.56.765510 +0530
50,c,18,2,4,c,1,0.455219869,None,,,,,4,2,18,2,,,,,41.89307142,,41.88507821,41.89307142,42.88408355,42.88408355,42.88408355,42.88408355,42.88408355,43.87669393,43.87669393,44.33457819,c,1,0.455219869,None,,,,,,,,,,,,,,,5,1,2025-10-02_18h00.45.680,Motor Sequence Learning,,2025.1.1,89.10441622,2025-10-02 18h00.56.765510 +0530
-150,z,19,3,4,z,1,0.220369421,None,,,,,4,3,19,3,,,,,44.34319178,,44.33491018,44.34319178,45.33317741,45.33317741,45.33317741,45.33317741,45.33317741,46.326517,46.326517,46.55154138,z,1,0.220369421,None,,,,,,,,,,,,,,,5,1,2025-10-02_18h00.45.680,Motor Sequence Learning,,2025.1.1,89.10441622,2025-10-02 18h00.56.765510 +0530
-50,x,20,0,5,x,1,0.251859108,None,,,,,5,0,20,0,,,,,46.56003866,,46.55186174,46.56003866,47.54985664,47.54985664,47.54985664,47.54985664,47.54985664,48.55086995,48.55086995,48.81061467,x,1,0.251859108,None,,,,,,,,,,,,,,,5,1,2025-10-02_18h00.45.680,Motor Sequence Learning,,2025.1.1,89.10441622,2025-10-02 18h00.56.765510 +0530
150,v,21,1,5,v,1,0.82478643,None,,,,,5,1,21,1,,,,,48.81848389,,48.81093364,48.81848389,49.80047099,49.80047099,49.80047099,49.80047099,49.81651446,50.80090535,50.80090535,51.62748818,v,1,0.82478643,None,,,,,,,,,,,,,,,5,1,2025-10-02_18h00.45.680,Motor Sequence Learning,,2025.1.1,89.10441622,2025-10-02 18h00.56.765510 +0530
50,c,22,2,5,c,1,0.30728363,None,,,,,5,2,22,2,,,,,51.63339646,,51.62781013,51.63339646,52.61750892,52.61750892,52.61750892,52.61750892,52.62649687,53.61726015,53.61726015,53.92757187,c,1,0.30728363,None,,,,,,,,,,,,,,,5,1,2025-10-02_18h00.45.680,Motor Sequence Learning,,2025.1.1,89.10441622,2025-10-02 18h00.56.765510 +0530
-150,z,23,3,5,z,1,0.210246113,None,,,,,5,3,23,3,,,,,53.93551627,,53.9278953,53.93551627,54.92649966,54.92649966,54.92649966,54.92649966,54.93322832,55.9262273,55.9262273,56.14374021,z,1,0.210246113,None,,,,,,,,,,,,,,,5,1,2025-10-02_18h00.45.680,Motor Sequence Learning,,2025.1.1,89.10441622,2025-10-02 18h00.56.765510 +0530
-50,x,24,0,6,x,1,0.396661622,None,,,,,6,0,24,0,,,,,56.15197081,,56.1440615,56.15197081,57.1338487,57.1338487,57.1338487,57.1338487,57.14970941,58.13361613,58.13361613,58.53471505,x,1,0.396661622,None,,,,,,,,,,,,,,,5,1,2025-10-02_18h00.45.680,Motor Sequence Learning,,2025.1.1,89.10441622,2025-10-02 18h00.56.765510 +0530
150,v,25,1,6,v,1,0.267743033,None,,,,,6,1,25,1,,,,,58.54305016,,58.53503912,58.54305016,59.53324297,59.53324297,59.53324297,59.53324297,59.53324297,60.53346658,60.53346658,60.81034742,v,1,0.267743033,None,,,,,,,,,,,,,,,5,1,2025-10-02_18h00.45.680,Motor Sequence Learning,,2025.1.1,89.10441622,2025-10-02 18h00.56.765510 +0530
50,c,26,2,6,c,1,0.099556411,None,,,,,6,2,26,2,,,,,60.81817898,,60.81066392,60.81817898,61.80051746,61.80051746,61.80051746,61.80051746,61.80977495,62.80058299,62.80058299,62.91029488,c,1,0.099556411,None,,,,,,,,,,,,,,,5,1,2025-10-02_18h00.45.680,Motor Sequence Learning,,2025.1.1,89.10441622,2025-10-02 18h00.56.765510 +0530
-150,z,27,3,6,z,1,0.253855019,None,,,,,6,3,27,3,,,,,62.91822934,,62.91061492,62.91822934,63.90107366,63.90107366,63.90107366,63.90107366,63.90889844,64.90016332,64.90016332,65.1603776,z,1,0.253855019,None,,,,,,,,,,,,,,,5,1,2025-10-02_18h00.45.680,Motor Sequence Learning,,2025.1.1,89.10441622,2025-10-02 18h00.56.765510 +0530
-50,x,28,0,7,x,1,0.282150682,None,,,,,7,0,28,0,,,,,65.16826419,,65.16069476,65.16826419,66.15007438,66.15007438,66.15007438,66.15007438,66.16641653,67.15078926,67.15078926,67.43468729,x,1,0.282150682,None,,,,,,,,,,,,,,,5,1,2025-10-02_18h00.45.680,Motor Sequence Learning,,2025.1.1,89.10441622,2025-10-02 18h00.56.765510 +0530
150,v,29,1,7,v,1,0.288916936,None,,,,,7,1,29,1,,,,,67.44265076,,67.43502192,67.44265076,68.43350063,68.43350063,68.43350063,68.43350063,68.43350063,69.43383467,69.43383467,69.72735138,v,1,0.288916936,None,,,,,,,,,,,,,,,5,1,2025-10-02_18h00.45.680,Motor Sequence Learning,,2025.1.1,89.10441622,2025-10-02 18h00.56.765510 +0530
50,c,30,2,7,c,1,0.351502321,None,,,,,7,2,30,2,,,,,69.7351616,,69.72767316,69.7351616,70.72617258,70.72617258,70.72617258,70.72617258,70.73283056,71.72617866,71.72617866,72.08455032,c,1,0.351502321,None,,,,,,,,,,,,,,,5,1,2025-10-02_18h00.45.680,Motor Sequence Learning,,2025.1.1,89.10441622,2025-10-02 18h00.56.765510 +0530
-150,z,31,3,7,z,1,0.271857698,None,,,,,7,3,31,3,,,,,72.09289649,,72.08488001,72.09289649,73.08341807,73.08341807,73.08341807,73.08341807,73.08341807,74.08377556,74.08377556,74.36199521,z,1,0.271857698,None,,,,,,,,,,,,,,,5,1,2025-10-02_18h00.45.680,Motor Sequence Learning,,2025.1.1,89.10441622,2025-10-02 18h00.56.765510 +0530
-50,x,32,0,8,x,1,0.268160444,None,,,,,8,0,32,0,,,,,74.37247168,,74.36240076,74.37247168,75.35937305,75.35937305,75.35937305,75.35937305,75.3665482,76.3593504,76.3593504,76.63460961,x,1,0.268160444,None,,,,,,,,,,,,,,,5,1,2025-10-02_18h00.45.680,Motor Sequence Learning,,2025.1.1,89.10441622,2025-10-02 18h00.56.765510 +0530
150,v,33,1,8,v,1,0.276407978,None,,,,,8,1,33,1,,,,,76.6428338,,76.6349536,76.6428338,77.63323286,77.63323286,77.63323286,77.63323286,77.63323286,78.63305835,78.63305835,78.91738457,v,1,0.276407978,None,,,,,,,,,,,,,,,5,1,2025-10-02_18h00.45.680,Motor Sequence Learning,,2025.1.1,89.10441622,2025-10-02 18h00.56.765510 +0530
50,c,34,2,8,c,1,0.276780598,None,,,,,8,2,34,2,,,,,78.92600991,,78.91774142,78.92600991,79.91674454,79.91674454,79.91674454,79.91674454,79.91674454,80.91655456,80.91655456,81.20088899,c,1,0.276780598,None,,,,,,,,,,,,,,,5,1,2025-10-02_18h00.45.680,Motor Sequence Learning,,2025.1.1,89.10441622,2025-10-02 18h00.56.765510 +0530
-150,z,35,3,8,z,1,0.266596456,None,,,,,8,3,35,3,,,,,81.20921894,,81.20124379,81.20921894,82.19952569,82.19952569,82.19952569,82.19952569,82.19952569,83.19962521,83.19962521,83.46774134,z,1,0.266596456,None,,,,,,,,,,,,,,,5,1,2025-10-02_18h00.45.680,Motor Sequence Learning,,2025.1.1,89.10441622,2025-10-02 18h00.56.765510 +0530
-50,x,36,0,9,x,1,1.125455649,None,,,,,9,0,36,0,,,,,83.47562749,,83.46807729,83.47562749,84.46591765,84.46591765,84.46591765,84.46591765,84.46591765,85.4666825,85.4666825,86.59398091,x,1,1.125455649,None,,,,,,,,,,,,,,,5,1,2025-10-02_18h00.45.680,Motor Sequence Learning,,2025.1.1,89.10441622,2025-10-02 18h00.56.765510 +0530
150,v,37,1,9,v,1,0.306243076,None,,,,,9,1,37,1,,,,,86.59988042,,86.59430064,86.59988042,87.59271214,87.59271214,87.59271214,87.59271214,87.59945392,88.59278244,88.59278244,88.9013695,v,1,0.306243076,None,,,,,,,,,,,,,,,5,1,2025-10-02_18h00.45.680,Motor Sequence Learning,,2025.1.1,89.10441622,2025-10-02 18h00.56.765510 +0530
50,c,38,2,9,c,1,0.285088572,None,,,,,9,2,38,2,,,,,88.90912323,,88.90168953,88.90912323,89.90006126,89.90006126,89.90006126,89.90006126,89.90006126,90.89985124,90.89985124,91.19337484,c,1,0.285088572,None,,,,,,,,,,,,,,,5,1,2025-10-02_18h00.45.680,Motor Sequence Learning,,2025.1.1,89.10441622,2025-10-02 18h00.56.765510 +0530
-150,z,39,3,9,z,1,0.287859847,None,,,,,9,3,39,3,,,,,91.20124208,,91.19369126,91.20124208,92.18370027,92.18370027,92.18370027,92.18370027,92.19263502,93.18303393,93.18303393,93.47638633,z,1,0.287859847,None,,,,,,,,,,,,,,,5,1,2025-10-02_18h00.45.680,Motor Sequence Learning,,2025.1.1,89.10441622,2025-10-02 18h00.56.765510 +0530
-50,x,40,0,10,x,1,0.306279683,None,,,,,10,0,40,0,,,,,93.48574641,,93.47677268,93.48574641,94.46619191,94.46619191,94.46619191,94.46619191,94.48271042,95.46660383,95.46660383,95.7770244,x,1,0.306279683,None,,,,,,,,,,,,,,,5,1,2025-10-02_18h00.45.680,Motor Sequence Learning,,2025.1.1,89.10441622,2025-10-02 18h00.56.765510 +0530
150,v,41,1,10,v,1,0.266785569,None,,,,,10,1,41,1,,,,,95.78491875,,95.77733876,95.78491875,96.77582751,96.77582751,96.77582751,96.77582751,96.78259659,97.77590438,97.77590438,98.04410016,v,1,0.266785569,None,,,,,,,,,,,,,,,5,1,2025-10-02_18h00.45.680,Motor Sequence Learning,,2025.1.1,89.10441622,2025-10-02 18h00.56.765510 +0530
50,c,42,2,10,c,1,0.297842193,None,,,,,10,2,42,2,,,,,98.05004655,,98.04443594,98.05004655,99.0425849,99.0425849,99.0425849,99.0425849,99.04930526,100.0426523,100.0426523,100.3435804,c,1,0.297842193,None,,,,,,,,,,,,,,,5,1,2025-10-02_18h00.45.680,Motor Sequence Learning,,2025.1.1,89.10441622,2025-10-02 18h00.56.765510 +0530
-150,z,43,3,10,z,1,0.459845896,None,,,,,10,3,43,3,,,,,100.3522075,,100.3439166,100.3522075,101.3426697,101.3426697,101.3426697,101.3426697,101.350023,102.3425702,102.3425702,102.8101559,z,1,0.459845896,None,,,,,,,,,,,,,,,5,1,2025-10-02_18h00.45.680,Motor Sequence Learning,,2025.1.1,89.10441622,2025-10-02 18h00.56.765510 +0530
-50,x,44,0,11,x,1,0.277289086,None,,,,,11,0,44,0,,,,,102.817983,,102.8104951,102.817983,103.8092063,103.8092063,103.8092063,103.8092063,103.8161345,104.809045,104.809045,105.0933461,x,1,0.277289086,None,,,,,,,,,,,,,,,5,1,2025-10-02_18h00.45.680,Motor Sequence Learning,,2025.1.1,89.10441622,2025-10-02 18h00.56.765510 +0530
150,v,45,1,11,v,1,0.278062413,None,,,,,11,1,45,1,,,,,105.1012856,,105.0936681,105.1012856,106.0835759,106.0835759,106.0835759,106.0835759,106.0997301,107.0831408,107.0831408,107.368078,v,1,0.278062413,None,,,,,,,,,,,,,,,5,1,2025-10-02_18h00.45.680,Motor Sequence Learning,,2025.1.1,89.10441622,2025-10-02 18h00.56.765510 +0530
50,c,46,2,11,c,1,0.277335365,None,,,,,11,2,46,2,,,,,107.3764611,,107.3683979,107.3764611,108.3663402,108.3663402,108.3663402,108.3663402,108.3663402,109.3667705,109.3667705,109.6511849,c,1,0.277335365,None,,,,,,,,,,,,,,,5,1,2025-10-02_18h00.45.680,Motor Sequence Learning,,2025.1.1,89.10441622,2025-10-02 18h00.56.765510 +0530
-150,z,47,3,11,z,1,0.398910399,None,,,,,11,3,47,3,,,,,109.6627809,,109.6515105,109.6627809,110.6495498,110.6495498,110.6495498,110.6495498,110.6591546,111.6500889,111.6500889,112.050711,z,1,0.398910399,None,,,,,,,,,,,,,,,5,1,2025-10-02_18h00.45.680,Motor Sequence Learning,,2025.1.1,89.10441622,2025-10-02 18h00.56.765510 +0530
-50,x,48,0,12,x,1,0.25233242,None,,,,,12,0,48,0,,,,,112.0589406,,112.0510468,112.0589406,113.0498473,113.0498473,113.0498473,113.0498473,113.0498473,114.0497057,114.0497057,114.3098097,x,1,0.25233242,None,,,,,,,,,,,,,,,5,1,2025-10-02_18h00.45.680,Motor Sequence Learning,,2025.1.1,89.10441622,2025-10-02 18h00.56.765510 +0530
150,v,49,1,12,v,1,0.523854713,None,,,,,12,1,49,1,,,,,114.3183392,,114.3101289,114.3183392,115.2993759,115.2993759,115.2993759,115.2993759,115.315609,116.3089922,116.3089922,116.8429812,v,1,0.523854713,None,,,,,,,,,,,,,,,5,1,2025-10-02_18h00.45.680,Motor Sequence Learning,,2025.1.1,89.10441622,2025-10-02 18h00.56.765510 +0530
50,c,50,2,12,c,1,0.288990516,None,,,,,12,2,50,2,,,,,116.8543549,,116.8433014,116.8543549,117.8336568,117.8336568,117.8336568,117.8336568,117.8492288,118.833697,118.833697,119.1268687,c,1,0.288990516,None,,,,,,,,,,,,,,,5,1,2025-10-02_18h00.45.680,Motor Sequence Learning,,2025.1.1,89.10441622,2025-10-02 18h00.56.765510 +0530
-150,z,51,3,12,z,1,0.315751558,None,,,,,12,3,51,3,,,,,119.135558,,119.1271893,119.135558,120.1258686,120.1258686,120.1258686,120.1258686,120.1327659,121.1258759,121.1258759,121.4436439,z,1,0.315751558,None,,,,,,,,,,,,,,,5,1,2025-10-02_18h00.45.680,Motor Sequence Learning,,2025.1.1,89.10441622,2025-10-02 18h00.56.765510 +0530
-50,x,52,0,13,x,1,0.645392727,None,,,,,13,0,52,0,,,,,121.4496971,,121.4439647,121.4496971,122.4424438,122.4424438,122.4424438,122.4424438,122.4493301,123.4422625,123.4422625,124.0931454,x,1,0.645392727,None,,,,,,,,,,,,,,,5,1,2025-10-02_18h00.45.680,Motor Sequence Learning,,2025.1.1,89.10441622,2025-10-02 18h00.56.765510 +0530
150,v,53,1,13,v,1,0.201392796,None,,,,,13,1,53,1,,,,,124.1018469,,124.0934609,124.1018469,125.0833248,125.0833248,125.0833248,125.0833248,125.0986688,126.0830019,126.0830019,126.2931642,v,1,0.201392796,None,,,,,,,,,,,,,,,5,1,2025-10-02_18h00.45.680,Motor Sequence Learning,,2025.1.1,89.10441622,2025-10-02 18h00.56.765510 +0530
50,c,54,2,13,c,1,0.266154391,None,,,,,13,2,54,2,,,,,126.3013059,,126.2934888,126.3013059,127.2827838,127.2827838,127.2827838,127.2827838,127.2993502,128.283036,128.283036,128.5509104,c,1,0.266154391,None,,,,,,,,,,,,,,,5,1,2025-10-02_18h00.45.680,Motor Sequence Learning,,2025.1.1,89.10441622,2025-10-02 18h00.56.765510 +0530
-150,z,55,3,13,z,1,0.254723311,None,,,,,13,3,55,3,,,,,128.5587982,,128.5512407,128.5587982,129.5500025,129.5500025,129.5500025,129.5500025,129.5500025,130.5503913,130.5503913,130.8101805,z,1,0.254723311,None,,,,,,,,,,,,,,,5,1,2025-10-02_18h00.45.680,Motor Sequence Learning,,2025.1.1,89.10441622,2025-10-02 18h00.56.765510 +0530
-50,x,56,0,14,x,1,0.285104411,None,,,,,14,0,56,0,,,,,130.8188744,,130.8105036,130.8188744,131.8089605,131.8089605,131.8089605,131.8089605,131.81591,132.808961,132.808961,133.1008753,x,1,0.285104411,None,,,,,,,,,,,,,,,5,1,2025-10-02_18h00.45.680,Motor Sequence Learning,,2025.1.1,89.10441622,2025-10-02 18h00.56.765510 +0530
150,v,57,1,14,v,1,0.261717119,None,,,,,14,1,57,1,,,,,133.1094777,,133.1012032,133.1094777,134.0997172,134.0997172,134.0997172,134.0997172,134.0997172,135.1001718,135.1001718,135.3686325,v,1,0.261717119,None,,,,,,,,,,,,,,,5,1,2025-10-02_18h00.45.680,Motor Sequence Learning,,2025.1.1,89.10441622,2025-10-02 18h00.56.765510 +0530
50,c,58,2,14,c,1,0.254454761,None,,,,,14,2,58,2,,,,,135.3784356,,135.3689694,135.3784356,136.3668588,136.3668588,136.3668588,136.3668588,136.375179,137.3674034,137.3674034,137.6270866,c,1,0.254454761,None,,,,,,,,,,,,,,,5,1,2025-10-02_18h00.45.680,Motor Sequence Learning,,2025.1.1,89.10441622,2025-10-02 18h00.56.765510 +0530
-150,z,59,3,14,z,1,0.57713331,None,,,,,14,3,59,3,,,,,137.6353558,,137.6274039,137.6353558,138.6257594,138.6257594,138.6257594,138.6257594,138.6334039,139.6415839,139.6415839,140.220417,z,1,0.57713331,None,,,,,,,,,,,,,,,5,1,2025-10-02_18h00.45.680,Motor Sequence Learning,,2025.1.1,89.10441622,2025-10-02 18h00.56.765510 +0530
-50,x,60,0,15,x,1,0.45692816,None,,,,,15,0,60,0,,,,,140.2429096,,140.2207504,140.2429096,141.2173459,141.2173459,141.2173459,141.2173459,141.2332566,142.2167452,142.2167452,142.6768238,x,1,0.45692816,None,,,,,,,,,,,,,,,5,1,2025-10-02_18h00.45.680,Motor Sequence Learning,,2025.1.1,89.10441622,2025-10-02 18h00.56.765510 +0530
150,v,61,1,15,v,1,0.286955445,None,,,,,15,1,61,1,,,,,142.6860623,,142.6772611,142.6860623,143.6754911,143.6754911,143.6754911,143.6754911,143.6827219,144.6757242,144.6757242,144.9669997,v,1,0.286955445,None,,,,,,,,,,,,,,,5,1,2025-10-02_18h00.45.680,Motor Sequence Learning,,2025.1.1,89.10441622,2025-10-02 18h00.56.765510 +0530
50,c,62,2,15,c,1,0.344532079,None,,,,,15,2,62,2,,,,,144.9754862,,144.9673332,144.9754862,145.96621,145.96621,145.96621,145.96621,145.96621,146.9659856,146.9659856,147.3177359,c,1,0.344532079,None,,,,,,,,,,,,,,,5,1,2025-10-02_18h00.45.680,Motor Sequence Learning,,2025.1.1,89.10441622,2025-10-02 18h00.56.765510 +0530
-150,z,63,3,15,z,1,0.274422522,None,,,,,15,3,63,3,,,,,147.326187,,147.3180564,147.326187,148.3161382,148.3161382,148.3161382,148.3161382,148.3161382,149.3168576,149.3168576,149.5931017,z,1,0.274422522,None,,,,,,,,,,,,,,,5,1,2025-10-02_18h00.45.680,Motor Sequence Learning,,2025.1.1,89.10441622,2025-10-02 18h00.56.765510 +0530
-50,x,64,0,16,x,1,0.272032576,None,,,,,16,0,64,0,,,,,149.5991334,,149.5934321,149.5991334,150.5920017,150.5920017,150.5920017,150.5920017,150.5920017,151.5922139,151.5922139,151.8668004,x,1,0.272032576,None,,,,,,,,,,,,,,,5,1,2025-10-02_18h00.45.680,Motor Sequence Learning,,2025.1.1,89.10441622,2025-10-02 18h00.56.765510 +0530
150,v,65,1,16,v,1,1.279964897,None,,,,,16,1,65,1,,,,,151.8749205,,151.8671299,151.8749205,152.8659934,152.8659934,152.8659934,152.8659934,152.8659934,153.8661394,153.8661394,155.1506483,v,1,1.279964897,None,,,,,,,,,,,,,,,5,1,2025-10-02_18h00.45.680,Motor Sequence Learning,,2025.1.1,89.10441622,2025-10-02 18h00.56.765510 +0530
50,c,66,2,16,c,1,0.336865651,None,,,,,16,2,66,2,,,,,155.1592995,,155.1509764,155.1592995,156.1494097,156.1494097,156.1494097,156.1494097,156.1494097,157.1498384,157.1498384,157.4930799,c,1,0.336865651,None,,,,,,,,,,,,,,,5,1,2025-10-02_18h00.45.680,Motor Sequence Learning,,2025.1.1,89.10441622,2025-10-02 18h00.56.765510 +0530
-150,z,67,3,16,z,1,0.26391201,None,,,,,16,3,67,3,,,,,157.5010666,,157.4933973,157.5010666,158.4919047,158.4919047,158.4919047,158.4919047,158.4987623,159.4919379,159.4919379,159.7595484,z,1,0.26391201,None,,,,,,,,,,,,,,,5,1,2025-10-02_18h00.45.680,Motor Sequence Learning,,2025.1.1,89.10441622,2025-10-02 18h00.56.765510 +0530
-50,x,68,0,17,x,1,0.226569534,None,,,,,17,0,68,0,,,,,159.7675471,,159.7598698,159.7675471,160.7585984,160.7585984,160.7585984,160.7585984,160.7651483,161.758296,161.758296,161.99262,x,1,0.226569534,None,,,,,,,,,,,,,,,5,1,2025-10-02_18h00.45.680,Motor Sequence Learning,,2025.1.1,89.10441622,2025-10-02 18h00.56.765510 +0530
150,v,69,1,17,v,1,0.399584463,None,,,,,17,1,69,1,,,,,162.0008302,,161.9929538,162.0008302,162.9825184,162.9825184,162.9825184,162.9825184,162.998912,163.9850748,163.9850748,164.3929894,v,1,0.399584463,None,,,,,,,,,,,,,,,5,1,2025-10-02_18h00.45.680,Motor Sequence Learning,,2025.1.1,89.10441622,2025-10-02 18h00.56.765510 +0530
50,c,70,2,17,c,1,0.281055285,None,,,,,17,2,70,2,,,,,164.4018209,,164.3933953,164.4018209,165.3916411,165.3916411,165.3916411,165.3916411,165.3984035,166.391775,166.391775,166.6760876,c,1,0.281055285,None,,,,,,,,,,,,,,,5,1,2025-10-02_18h00.45.680,Motor Sequence Learning,,2025.1.1,89.10441622,2025-10-02 18h00.56.765510 +0530
-150,z,71,3,17,z,1,0.303620329,None,,,,,17,3,71,3,,,,,166.6840585,,166.6764042,166.6840585,167.6748584,167.6748584,167.6748584,167.6748584,167.6816323,168.6749771,168.6749771,168.9833033,z,1,0.303620329,None,,,,,,,,,,,,,,,5,1,2025-10-02_18h00.45.680,Motor Sequence Learning,,2025.1.1,89.10441622,2025-10-02 18h00.56.765510 +0530
-50,x,72,0,18,x,1,0.205957444,None,,,,,18,0,72,0,,,,,168.9918907,,168.9836353,168.9918907,169.9817546,169.9817546,169.9817546,169.9817546,169.9817546,170.9825304,170.9825304,171.1925654,x,1,0.205957444,None,,,,,,,,,,,,,,,5,1,2025-10-02_18h00.45.680,Motor Sequence Learning,,2025.1.1,89.10441622,2025-10-02 18h00.56.765510 +0530
150,v,73,1,18,v,1,0.235760452,None,,,,,18,1,73,1,,,,,171.2005694,,171.192887,171.2005694,172.1915463,172.1915463,172.1915463,172.1915463,172.1985982,173.1906902,173.1906902,173.4338379,v,1,0.235760452,None,,,,,,,,,,,,,,,5,1,2025-10-02_18h00.45.680,Motor Sequence Learning,,2025.1.1,89.10441622,2025-10-02 18h00.56.765510 +0530
50,c,74,2,18,c,1,0.26711497,None,,,,,18,2,74,2,,,,,173.4422669,,173.434152,173.4422669,174.4316354,174.4316354,174.4316354,174.4316354,174.4316354,175.4321131,175.4321131,175.7088638,c,1,0.26711497,None,,,,,,,,,,,,,,,5,1,2025-10-02_18h00.45.680,Motor Sequence Learning,,2025.1.1,89.10441622,2025-10-02 18h00.56.765510 +0530
-150,z,75,3,18,z,1,0.262285546,None,,,,,18,3,75,3,,,,,175.7169484,,175.7091814,175.7169484,176.6991938,176.6991938,176.6991938,176.6991938,176.7149728,177.6988401,177.6988401,177.9669453,z,1,0.262285546,None,,,,,,,,,,,,,,,5,1,2025-10-02_18h00.45.680,Motor Sequence Learning,,2025.1.1,89.10441622,2025-10-02 18h00.56.765510 +0530
-50,x,76,0,19,x,1,0.325690848,None,,,,,19,0,76,0,,,,,178.0683117,,177.9672611,178.0683117,178.9661666,178.9661666,178.9661666,178.9661666,179.0651612,179.9663232,179.9663232,180.2998405,x,1,0.325690848,None,,,,,,,,,,,,,,,5,1,2025-10-02_18h00.45.680,Motor Sequence Learning,,2025.1.1,89.10441622,2025-10-02 18h00.56.765510 +0530
150,v,77,1,19,v,1,0.247429493,None,,,,,19,1,77,1,,,,,180.3090229,,180.3001628,180.3090229,181.2987301,181.2987301,181.2987301,181.2987301,181.2987301,182.2996041,182.2996041,182.5500674,v,1,0.247429493,None,,,,,,,,,,,,,,,5,1,2025-10-02_18h00.45.680,Motor Sequence Learning,,2025.1.1,89.10441622,2025-10-02 18h00.56.765510 +0530
50,c,78,2,19,c,1,0.207090577,None,,,,,19,2,78,2,,,,,182.5580627,,182.5503859,182.5580627,183.5490743,183.5490743,183.5490743,183.5490743,183.5490743,184.5486845,184.5486845,184.7591413,c,1,0.207090577,None,,,,,,,,,,,,,,,5,1,2025-10-02_18h00.45.680,Motor Sequence Learning,,2025.1.1,89.10441622,2025-10-02 18h00.56.765510 +0530
-150,z,79,3,19,z,1,0.217795852,None,,,,,19,3,79,3,,,,,184.7673024,,184.7594561,184.7673024,185.7581932,185.7581932,185.7581932,185.7581932,185.7651052,186.7579975,186.7579975,186.9830913,z,1,0.217795852,None,,,,,,,,,,,,,,,5,1,2025-10-02_18h00.45.680,Motor Sequence Learning,,2025.1.1,89.10441622,2025-10-02 18h00.56.765510 +0530
-50,x,80,0,20,x,1,0.257995758,None,,,,,20,0,80,0,,,,,186.9917933,,186.9834099,186.9917933,187.9820893,187.9820893,187.9820893,187.9820893,187.9820893,188.9746568,188.9746568,189.2418812,x,1,0.257995758,None,,,,,,,,,,,,,,,5,1,2025-10-02_18h00.45.680,Motor Sequence Learning,,2025.1.1,89.10441622,2025-10-02 18h00.56.765510 +0530
150,v,81,1,20,v,1,0.298746708,None,,,,,20,1,81,1,,,,,189.2498835,,189.2421885,189.2498835,190.2319516,190.2319516,190.2319516,190.2319516,190.2477148,191.2318654,191.2318654,191.5332629,v,1,0.298746708,None,,,,,,,,,,,,,,,5,1,2025-10-02_18h00.45.680,Motor Sequence Learning,,2025.1.1,89.10441622,2025-10-02 18h00.56.765510 +0530
50,c,82,2,20,c,1,0.255608339,None,,,,,20,2,82,2,,,,,191.5411938,,191.5335814,191.5411938,192.532012,192.532012,192.532012,192.532012,192.532012,193.5319762,193.5319762,193.7922989,c,1,0.255608339,None,,,,,,,,,,,,,,,5,1,2025-10-02_18h00.45.680,Motor Sequence Learning,,2025.1.1,89.10441622,2025-10-02 18h00.56.765510 +0530
-150,z,83,3,20,z,1,0.312139833,None,,,,,20,3,83,3,,,,,193.8001865,,193.7926089,193.8001865,194.7912487,194.7912487,194.7912487,194.7912487,194.7979411,195.7911978,195.7911978,196.1089562,z,1,0.312139833,None,,,,,,,,,,,,,,,5,1,2025-10-02_18h00.45.680,Motor Sequence Learning,,2025.1.1,89.10441622,2025-10-02 18h00.56.765510 +0530
-50,x,84,0,21,x,1,0.29841533,None,,,,,21,0,84,0,,,,,196.1168846,,196.1092623,196.1168846,197.1077371,197.1077371,197.1077371,197.1077371,197.1141179,198.0987027,198.0987027,198.39996,x,1,0.29841533,None,,,,,,,,,,,,,,,5,1,2025-10-02_18h00.45.680,Motor Sequence Learning,,2025.1.1,89.10441622,2025-10-02 18h00.56.765510 +0530
150,v,85,1,21,v,1,0.429222039,None,,,,,21,1,85,1,,,,,198.4086258,,198.4002846,198.4086258,199.3979396,199.3979396,199.3979396,199.3979396,199.3979396,200.3988842,200.3988842,200.833591,v,1,0.429222039,None,,,,,,,,,,,,,,,5,1,2025-10-02_18h00.45.680,Motor Sequence Learning,,2025.1.1,89.10441622,2025-10-02 18h00.56.765510 +0530
50,c,86,2,21,c,1,0.22052614,None,,,,,21,2,86,2,,,,,200.8419696,,200.8339063,200.8419696,201.8318042,201.8318042,201.8318042,201.8318042,201.8318042,202.8314485,202.8314485,203.0586701,c,1,0.22052614,None,,,,,,,,,,,,,,,5,1,2025-10-02_18h00.45.680,Motor Sequence Learning,,2025.1.1,89.10441622,2025-10-02 18h00.56.765510 +0530
-150,z,87,3,21,z,1,0.287809247,None,,,,,21,3,87,3,,,,,203.0666845,,203.0589992,203.0666845,204.0481757,204.0481757,204.0481757,204.0481757,204.0643018,205.0482499,205.0482499,205.3418522,z,1,0.287809247,None,,,,,,,,,,,,,,,5,1,2025-10-02_18h00.45.680,Motor Sequence Learning,,2025.1.1,89.10441622,2025-10-02 18h00.56.765510 +0530
-50,x,88,0,22,x,1,0.249071036,None,,,,,22,0,88,0,,,,,205.3498315,,205.3421626,205.3498315,206.3314534,206.3314534,206.3314534,206.3314534,206.3476285,207.3318988,207.3318988,207.5829578,x,1,0.249071036,None,,,,,,,,,,,,,,,5,1,2025-10-02_18h00.45.680,Motor Sequence Learning,,2025.1.1,89.10441622,2025-10-02 18h00.56.765510 +0530
150,v,89,1,22,v,1,0.237821514,None,,,,,22,1,89,1,,,,,207.5908934,,207.5833132,207.5908934,208.5817057,208.5817057,208.5817057,208.5817057,208.5817057,209.5819954,209.5819954,209.8251876,v,1,0.237821514,None,,,,,,,,,,,,,,,5,1,2025-10-02_18h00.45.680,Motor Sequence Learning,,2025.1.1,89.10441622,2025-10-02 18h00.56.765510 +0530
50,c,90,2,22,c,1,0.260266068,None,,,,,22,2,90,2,,,,,209.8330907,,209.8254972,209.8330907,210.8150991,210.8150991,210.8150991,210.8150991,210.831065,211.8245281,211.8245281,212.0916783,c,1,0.260266068,None,,,,,,,,,,,,,,,5,1,2025-10-02_18h00.45.680,Motor Sequence Learning,,2025.1.1,89.10441622,2025-10-02 18h00.56.765510 +0530
-150,z,91,3,22,z,1,0.442663704,None,,,,,22,3,91,3,,,,,212.0995636,,212.0919933,212.0995636,213.081664,213.081664,213.081664,213.081664,213.0981803,214.0819118,214.0819118,214.5322711,z,1,0.442663704,None,,,,,,,,,,,,,,,5,1,2025-10-02_18h00.45.680,Motor Sequence Learning,,2025.1.1,89.10441622,2025-10-02 18h00.56.765510 +0530
-50,x,92,0,23,x,1,0.261263252,None,,,,,23,0,92,0,,,,,214.5405485,,214.5325965,214.5405485,215.5310942,215.5310942,215.5310942,215.5310942,215.5310942,216.5242579,216.5242579,216.7916396,x,1,0.261263252,None,,,,,,,,,,,,,,,5,1,2025-10-02_18h00.45.680,Motor Sequence Learning,,2025.1.1,89.10441622,2025-10-02 18h00.56.765510 +0530
150,v,93,1,23,v,1,0.259636609,None,,,,,23,1,93,1,,,,,216.7995532,,216.7919495,216.7995532,217.7814929,217.7814929,217.7814929,217.7814929,217.7976976,218.781776,218.781776,219.0489565,v,1,0.259636609,None,,,,,,,,,,,,,,,5,1,2025-10-02_18h00.45.680,Motor Sequence Learning,,2025.1.1,89.10441622,2025-10-02 18h00.56.765510 +0530
50,c,94,2,23,c,1,0.221520519,None,,,,,23,2,94,2,,,,,219.0572746,,219.049294,219.0572746,220.0483729,220.0483729,220.0483729,220.0483729,220.0483729,221.0479108,221.0479108,221.2750252,c,1,0.221520519,None,,,,,,,,,,,,,,,5,1,2025-10-02_18h00.45.680,Motor Sequence Learning,,2025.1.1,89.10441622,2025-10-02 18h00.56.765510 +0530
-150,z,95,3,23,z,1,0.291699043,None,,,,,23,3,95,3,,,,,221.2829177,,221.2753414,221.2829177,222.2642653,222.2642653,222.2642653,222.2642653,222.2815183,223.264561,223.264561,223.5586251,z,1,0.291699043,None,,,,,,,,,,,,,,,5,1,2025-10-02_18h00.45.680,Motor Sequence Learning,,2025.1.1,89.10441622,2025-10-02 18h00.56.765510 +0530
-50,x,96,0,24,x,1,0.218653419,None,,,,,24,0,96,0,,,,,223.5644791,,223.5589463,223.5644791,224.557494,224.557494,224.557494,224.557494,224.557494,225.5574914,225.5574914,225.782995,x,1,0.218653419,None,,,,,,,,,,,,,,,5,1,2025-10-02_18h00.45.680,Motor Sequence Learning,,2025.1.1,89.10441622,2025-10-02 18h00.56.765510 +0530
150,v,97,1,24,v,1,0.191678554,None,,,,,24,1,97,1,,,,,225.7913426,,225.7833136,225.7913426,226.7808241,226.7808241,226.7808241,226.7808241,226.7808241,227.7813613,227.7813613,227.9751741,v,1,0.191678554,None,,,,,,,,,,,,,,,5,1,2025-10-02_18h00.45.680,Motor Sequence Learning,,2025.1.1,89.10441622,2025-10-02 18h00.56.765510 +0530
50,c,98,2,24,c,1,0.290832077,None,,,,,24,2,98,2,,,,,227.9817119,,227.9754947,227.9817119,228.9741026,228.9741026,228.9741026,228.9741026,228.9813889,229.9740589,229.9740589,230.2746611,c,1,0.290832077,None,,,,,,,,,,,,,,,5,1,2025-10-02_18h00.45.680,Motor Sequence Learning,,2025.1.1,89.10441622,2025-10-02 18h00.56.765510 +0530
-150,z,99,3,24,z,1,0.318427818,None,,,,,24,3,99,3,,,,,230.2825932,,230.2749816,230.2825932,231.2639827,231.2639827,231.2639827,231.2639827,231.2810641,232.2645174,232.2645174,232.5914303,z,1,0.318427818,None,,,,,,,,,,,,,,,5,1,2025-10-02_18h00.45.680,Motor Sequence Learning,,2025.1.1,89.10441622,2025-10-02 18h00.56.765510 +0530
150,v,0,0,0,,,,,v,1,0.539539999,None,,,,,0,0,0,1,232.6067655,,,,,,,,,,,,,,,,232.5961435,232.6067655,233.5849559,233.5849559,233.5849559,233.5849559,233.6076162,234.5831998,234.5831998,235.1252957,v,1,0.539539999,None,5,1,2025-10-02_18h00.45.680,Motor Sequence Learning,,2025.1.1,89.10441622,2025-10-02 18h00.56.765510 +0530
-150,z,1,1,0,,,,,z,1,0.535218814,None,,,,,0,1,1,3,235.1334353,,,,,,,,,,,,,,,,235.1256385,235.1334353,236.1242599,236.1242599,236.1242599,236.1242599,236.1307501,237.1235229,237.1235229,237.6655131,z,1,0.535218814,None,5,1,2025-10-02_18h00.45.680,Motor Sequence Learning,,2025.1.1,89.10441622,2025-10-02 18h00.56.765510 +0530
50,c,2,2,0,,,,,c,1,0.397694121,None,,,,,0,2,2,2,237.673667,,,,,,,,,,,,,,,,237.6658475,237.673667,238.664077,238.664077,238.664077,238.664077,238.664077,239.6639238,239.6639238,240.0653065,c,1,0.397694121,None,5,1,2025-10-02_18h00.45.680,Motor Sequence Learning,,2025.1.1,89.10441622,2025-10-02 18h00.56.765510 +0530
50,c,3,3,1,,,,,c,1,0.491805605,None,,,,,1,3,3,2,240.0734975,,,,,,,,,,,,,,,,240.0656351,240.0734975,241.0637704,241.0637704,241.0637704,241.0637704,241.0637704,242.0636401,242.0636401,242.5584674,c,1,0.491805605,None,5,1,2025-10-02_18h00.45.680,Motor Sequence Learning,,2025.1.1,89.10441622,2025-10-02 18h00.56.765510 +0530
-50,x,4,4,0,,,,,x,1,0.742642804,None,,,,,0,4,4,0,242.5641531,,,,,,,,,,,,,,,,242.5587983,242.5641531,243.5571991,243.5571991,243.5571991,243.5571991,243.5634664,244.5566977,244.5566977,245.308008,x,1,0.742642804,None,5,1,2025-10-02_18h00.45.680,Motor Sequence Learning,,2025.1.1,89.10441622,2025-10-02 18h00.56.765510 +0530
-50,x,5,5,1,,,,,x,1,0.366631174,None,,,,,1,5,5,0,245.3158363,,,,,,,,,,,,,,,,245.30833,245.3158363,246.3071498,246.3071498,246.3071498,246.3071498,246.3132811,247.2975764,247.2975764,247.6745815,x,1,0.366631174,None,5,1,2025-10-02_18h00.45.680,Motor Sequence Learning,,2025.1.1,89.10441622,2025-10-02 18h00.56.765510 +0530
-150,z,6,6,1,,,,,z,1,0.43378975,None,,,,,1,6,6,3,247.6826991,,,,,,,,,,,,,,,,247.6750035,247.6826991,248.6637411,248.6637411,248.6637411,248.6637411,248.679485,249.6633162,249.6633162,250.1077646,z,1,0.43378975,None,5,1,2025-10-02_18h00.45.680,Motor Sequence Learning,,2025.1.1,89.10441622,2025-10-02 18h00.56.765510 +0530
50,c,7,7,2,,,,,c,1,0.439108357,None,,,,,2,7,7,2,250.1154622,,,,,,,,,,,,,,,,250.1081074,250.1154622,251.0970619,251.0970619,251.0970619,251.0970619,251.113282,252.0978269,252.0978269,252.5415297,c,1,0.439108357,None,5,1,2025-10-02_18h00.45.680,Motor Sequence Learning,,2025.1.1,89.10441622,2025-10-02 18h00.56.765510 +0530
-50,x,8,8,2,,,,,x,1,0.336447068,None,,,,,2,8,8,0,252.5499029,,,,,,,,,,,,,,,,252.5418606,252.5499029,253.5404958,253.5404958,253.5404958,253.5404958,253.5472224,254.5404712,254.5404712,254.8816666,x,1,0.336447068,None,5,1,2025-10-02_18h00.45.680,Motor Sequence Learning,,2025.1.1,89.10441622,2025-10-02 18h00.56.765510 +0530
-150,z,9,9,2,,,,,z,1,0.377241284,None,,,,,2,9,9,3,254.8899643,,,,,,,,,,,,,,,,254.882013,254.8899643,255.8801517,255.8801517,255.8801517,255.8801517,255.8801517,256.8805645,256.8805645,257.2649131,z,1,0.377241284,None,5,1,2025-10-02_18h00.45.680,Motor Sequence Learning,,2025.1.1,89.10441622,2025-10-02 18h00.56.765510 +0530
-50,x,10,10,3,,,,,x,1,0.474933752,None,,,,,3,10,10,0,257.2731632,,,,,,,,,,,,,,,,257.2652685,257.2731632,258.2634092,258.2634092,258.2634092,258.2634092,258.2634092,259.2638058,259.2638058,259.74132,x,1,0.474933752,None,5,1,2025-10-02_18h00.45.680,Motor Sequence Learning,,2025.1.1,89.10441622,2025-10-02 18h00.56.765510 +0530
-150,z,11,11,3,,,,,z,1,0.413199804,None,,,,,3,11,11,3,259.7499934,,,,,,,,,,,,,,,,259.7416535,259.7499934,260.7405034,260.7405034,260.7405034,260.7405034,260.7471395,261.7403633,261.7403633,262.157915,z,1,0.413199804,None,5,1,2025-10-02_18h00.45.680,Motor Sequence Learning,,2025.1.1,89.10441622,2025-10-02 18h00.56.765510 +0530
150,v,12,12,1,,,,,v,1,0.563974415,None,,,,,1,12,12,1,262.1664194,,,,,,,,,,,,,,,,262.1582412,262.1664194,263.1468614,263.1468614,263.1468614,263.1468614,263.1632174,264.1475139,264.1475139,264.714573,v,1,0.563974415,None,5,1,2025-10-02_18h00.45.680,Motor Sequence Learning,,2025.1.1,89.10441622,2025-10-02 18h00.56.765510 +0530
-50,x,13,13,4,,,,,x,1,0.437168275,None,,,,,4,13,13,0,264.72296,,,,,,,,,,,,,,,,264.714919,264.72296,265.7133449,265.7133449,265.7133449,265.7133449,265.7133449,266.7143694,266.7143694,267.1575743,x,1,0.437168275,None,5,1,2025-10-02_18h00.45.680,Motor Sequence Learning,,2025.1.1,89.10441622,2025-10-02 18h00.56.765510 +0530
-50,x,14,14,5,,,,,x,1,0.399753062,None,,,,,5,14,14,0,267.1654941,,,,,,,,,,,,,,,,267.1579118,267.1654941,268.146783,268.146783,268.146783,268.146783,268.1635839,269.1477245,269.1477245,269.557654,x,1,0.399753062,None,5,1,2025-10-02_18h00.45.680,Motor Sequence Learning,,2025.1.1,89.10441622,2025-10-02 18h00.56.765510 +0530
-150,z,15,15,4,,,,,z,1,0.431424162,None,,,,,4,15,15,3,269.5655627,,,,,,,,,,,,,,,,269.5579818,269.5655627,270.5467151,270.5467151,270.5467151,270.5467151,270.5630805,271.547727,271.547727,271.9819561,z,1,0.431424162,None,5,1,2025-10-02_18h00.45.680,Motor Sequence Learning,,2025.1.1,89.10441622,2025-10-02 18h00.56.765510 +0530
-50,x,16,16,6,,,,,x,1,0.319350858,None,,,,,6,16,16,0,271.9898869,,,,,,,,,,,,,,,,271.9822883,271.9898869,272.9803747,272.9803747,272.9803747,272.9803747,272.9803747,273.9807317,273.9807317,274.3076169,x,1,0.319350858,None,5,1,2025-10-02_18h00.45.680,Motor Sequence Learning,,2025.1.1,89.10441622,2025-10-02 18h00.56.765510 +0530
-150,z,17,17,5,,,,,z,1,0.413599644,None,,,,,5,17,17,3,274.3155192,,,,,,,,,,,,,,,,274.3079452,274.3155192,275.2966385,275.2966385,275.2966385,275.2966385,275.3131695,276.2974722,276.2974722,276.7152472,z,1,0.413599644,None,5,1,2025-10-02_18h00.45.680,Motor Sequence Learning,,2025.1.1,89.10441622,2025-10-02 18h00.56.765510 +0530
50,c,18,18,3,,,,,c,1,0.442516697,None,,,,,3,18,18,2,276.7236153,,,,,,,,,,,,,,,,276.7155908,276.7236153,277.7131328,277.7131328,277.7131328,277.7131328,277.7131328,278.7143321,278.7143321,279.1645671,c,1,0.442516697,None,5,1,2025-10-02_18h00.45.680,Motor Sequence Learning,,2025.1.1,89.10441622,2025-10-02 18h00.56.765510 +0530
-150,z,19,19,6,,,,,z,1,0.586310836,None,,,,,6,19,19,3,279.1729725,,,,,,,,,,,,,,,,279.1649228,279.1729725,280.1635254,280.1635254,280.1635254,280.1635254,280.1635254,281.1634534,281.1634534,281.757526,z,1,0.586310836,None,5,1,2025-10-02_18h00.45.680,Motor Sequence Learning,,2025.1.1,89.10441622,2025-10-02 18h00.56.765510 +0530
150,v,20,20,2,,,,,v,1,0.499341788,None,,,,,2,20,20,1,281.7655392,,,,,,,,,,,,,,,,281.7578511,281.7655392,282.7466034,282.7466034,282.7466034,282.7466034,282.7629099,283.7472663,283.7472663,284.2482981,v,1,0.499341788,None,5,1,2025-10-02_18h00.45.680,Motor Sequence Learning,,2025.1.1,89.10441622,2025-10-02 18h00.56.765510 +0530
50,c,21,21,4,,,,,c,1,0.37463611,None,,,,,4,21,21,2,284.2564845,,,,,,,,,,,,,,,,284.2486368,284.2564845,285.247407,285.247407,285.247407,285.247407,285.247407,286.2468967,286.2468967,286.6243643,c,1,0.37463611,None,5,1,2025-10-02_18h00.45.680,Motor Sequence Learning,,2025.1.1,89.10441622,2025-10-02 18h00.56.765510 +0530
-150,z,22,22,7,,,,,z,1,0.455984261,None,,,,,7,22,22,3,286.6325501,,,,,,,,,,,,,,,,286.6246964,286.6325501,287.6233954,287.6233954,287.6233954,287.6233954,287.6297021,288.6234254,288.6234254,289.0810935,z,1,0.455984261,None,5,1,2025-10-02_18h00.45.680,Motor Sequence Learning,,2025.1.1,89.10441622,2025-10-02 18h00.56.765510 +0530
-150,z,23,23,8,,,,,z,1,0.330253029,None,,,,,8,23,23,3,289.0898661,,,,,,,,,,,,,,,,289.0814801,289.0898661,290.0801727,290.0801727,290.0801727,290.0801727,290.0801727,291.0802019,291.0802019,291.4141553,z,1,0.330253029,None,5,1,2025-10-02_18h00.45.680,Motor Sequence Learning,,2025.1.1,89.10441622,2025-10-02 18h00.56.765510 +0530
150,v,24,24,3,,,,,v,1,0.446508172,None,,,,,3,24,24,1,291.422484,,,,,,,,,,,,,,,,291.4144901,291.422484,292.4129427,292.4129427,292.4129427,292.4129427,292.4129427,293.4137011,293.4137011,293.8649454,v,1,0.446508172,None,5,1,2025-10-02_18h00.45.680,Motor Sequence Learning,,2025.1.1,89.10441622,2025-10-02 18h00.56.765510 +0530
-150,z,25,25,9,,,,,z,1,0.279815391,None,,,,,9,25,25,3,293.8733113,,,,,,,,,,,,,,,,293.8652737,293.8733113,294.8636128,294.8636128,294.8636128,294.8636128,294.8636128,295.8633216,295.8633216,296.1482389,z,1,0.279815391,None,5,1,2025-10-02_18h00.45.680,Motor Sequence Learning,,2025.1.1,89.10441622,2025-10-02 18h00.56.765510 +0530
50,c,26,26,5,,,,,v,0,0.400010181,None,,,,,5,26,26,2,296.1566798,,,,,,,,,,,,,,,,296.1485861,296.1566798,297.1465876,297.1465876,297.1465876,297.1465876,297.1465876,298.1470278,298.1470278,298.5571546,v,0,0.400010181,None,5,1,2025-10-02_18h00.45.680,Motor Sequence Learning,,2025.1.1,89.10441622,2025-10-02 18h00.56.765510 +0530
150,v,27,27,4,,,,,v,1,0.365372402,None,,,,,4,27,27,1,298.5650234,,,,,,,,,,,,,,,,298.5574768,298.5650234,299.5467674,299.5467674,299.5467674,299.5467674,299.5626791,300.5465241,300.5465241,300.914848,v,1,0.365372402,None,5,1,2025-10-02_18h00.45.680,Motor Sequence Learning,,2025.1.1,89.10441622,2025-10-02 18h00.56.765510 +0530
50,c,28,28,6,,,,,c,1,0.49917919,None,,,,,6,28,28,2,300.9229057,,,,,,,,,,,,,,,,300.9151827,300.9229057,301.9128739,301.9128739,301.9128739,301.9128739,301.9128739,302.9136638,302.9136638,303.4238569,c,1,0.49917919,None,5,1,2025-10-02_18h00.45.680,Motor Sequence Learning,,2025.1.1,89.10441622,2025-10-02 18h00.56.765510 +0530
-150,z,29,29,10,,,,,z,1,0.343379989,None,,,,,10,29,29,3,303.4327755,,,,,,,,,,,,,,,,303.4242149,303.4327755,304.4132594,304.4132594,304.4132594,304.4132594,304.4292536,305.4133053,305.4133053,305.7641317,z,1,0.343379989,None,5,1,2025-10-02_18h00.45.680,Motor Sequence Learning,,2025.1.1,89.10441622,2025-10-02 18h00.56.765510 +0530
150,v,30,30,5,,,,,v,1,0.405577483,None,,,,,5,30,30,1,305.7723497,,,,,,,,,,,,,,,,305.7644826,305.7723497,306.7625818,306.7625818,306.7625818,306.7625818,306.7625818,307.7631127,307.7631127,308.173935,v,1,0.405577483,None,5,1,2025-10-02_18h00.45.680,Motor Sequence Learning,,2025.1.1,89.10441622,2025-10-02 18h00.56.765510 +0530
-150,z,31,31,11,,,,,z,1,0.431890389,None,,,,,11,31,31,3,308.1817734,,,,,,,,,,,,,,,,308.1742556,308.1817734,309.1637103,309.1637103,309.1637103,309.1637103,309.1797411,310.1636033,310.1636033,310.5976597,z,1,0.431890389,None,5,1,2025-10-02_18h00.45.680,Motor Sequence Learning,,2025.1.1,89.10441622,2025-10-02 18h00.56.765510 +0530
-50,x,32,32,7,,,,,x,1,0.428487233,None,,,,,7,32,32,0,310.6060832,,,,,,,,,,,,,,,,310.5979929,310.6060832,311.5966898,311.5966898,311.5966898,311.5966898,311.5966898,312.5969367,312.5969367,313.0308936,x,1,0.428487233,None,5,1,2025-10-02_18h00.45.680,Motor Sequence Learning,,2025.1.1,89.10441622,2025-10-02 18h00.56.765510 +0530
-150,z,33,33,12,,,,,z,1,0.46988518,None,,,,,12,33,33,3,313.0391713,,,,,,,,,,,,,,,,313.0312323,313.0391713,314.0293762,314.0293762,314.0293762,314.0293762,314.0293762,315.0304042,315.0304042,315.5069533,z,1,0.46988518,None,5,1,2025-10-02_18h00.45.680,Motor Sequence Learning,,2025.1.1,89.10441622,2025-10-02 18h00.56.765510 +0530
50,c,34,34,7,,,,,c,1,0.506025552,None,,,,,7,34,34,2,315.5147786,,,,,,,,,,,,,,,,315.5072887,315.5147786,316.4967449,316.4967449,316.4967449,316.4967449,316.5123754,317.4961988,317.4961988,318.0073374,c,1,0.506025552,None,5,1,2025-10-02_18h00.45.680,Motor Sequence Learning,,2025.1.1,89.10441622,2025-10-02 18h00.56.765510 +0530
50,c,35,35,8,,,,,c,1,0.409986447,None,,,,,8,35,35,2,318.0152555,,,,,,,,,,,,,,,,318.0076627,318.0152555,319.0062678,319.0062678,319.0062678,319.0062678,319.0129183,320.0062334,320.0062334,320.4236226,c,1,0.409986447,None,5,1,2025-10-02_18h00.45.680,Motor Sequence Learning,,2025.1.1,89.10441622,2025-10-02 18h00.56.765510 +0530
-150,z,36,36,13,,,,,z,1,0.363509528,None,,,,,13,36,36,3,320.4314812,,,,,,,,,,,,,,,,320.4239438,320.4314812,321.4127184,321.4127184,321.4127184,321.4127184,321.4295866,322.4134502,322.4134502,322.7802402,z,1,0.363509528,None,5,1,2025-10-02_18h00.45.680,Motor Sequence Learning,,2025.1.1,89.10441622,2025-10-02 18h00.56.765510 +0530
50,c,37,37,9,,,,,c,1,0.402391404,None,,,,,9,37,37,2,322.7885658,,,,,,,,,,,,,,,,322.7805721,322.7885658,323.7795931,323.7795931,323.7795931,323.7795931,323.7795931,324.7795259,324.7795259,325.1901926,c,1,0.402391404,None,5,1,2025-10-02_18h00.45.680,Motor Sequence Learning,,2025.1.1,89.10441622,2025-10-02 18h00.56.765510 +0530
-50,x,38,38,8,,,,,x,1,0.362043345,None,,,,,8,38,38,0,325.1982059,,,,,,,,,,,,,,,,325.1905151,325.1982059,326.1791714,326.1791714,326.1791714,326.1791714,326.1961391,327.1796885,327.1796885,327.5473198,x,1,0.362043345,None,5,1,2025-10-02_18h00.45.680,Motor Sequence Learning,,2025.1.1,89.10441622,2025-10-02 18h00.56.765510 +0530
150,v,39,39,6,,,,,v,1,0.338968425,None,,,,,6,39,39,1,327.5555976,,,,,,,,,,,,,,,,327.5476685,327.5555976,328.5457405,328.5457405,328.5457405,328.5457405,328.5457405,329.5466193,329.5466193,329.8906067,v,1,0.338968425,None,5,1,2025-10-02_18h00.45.680,Motor Sequence Learning,,2025.1.1,89.10441622,2025-10-02 18h00.56.765510 +0530
150,v,40,40,7,,,,,v,1,0.391090377,None,,,,,7,40,40,1,329.8984721,,,,,,,,,,,,,,,,329.8909314,329.8984721,330.8894358,330.8894358,330.8894358,330.8894358,330.8961337,331.8894766,331.8894766,332.2900386,v,1,0.391090377,None,5,1,2025-10-02_18h00.45.680,Motor Sequence Learning,,2025.1.1,89.10441622,2025-10-02 18h00.56.765510 +0530
50,c,41,41,10,,,,,c,1,0.614041688,None,,,,,10,41,41,2,332.298077,,,,,,,,,,,,,,,,332.2903624,332.298077,333.2789672,333.2789672,333.2789672,333.2789672,333.2956757,334.2795081,334.2795081,334.8972024,c,1,0.614041688,None,5,1,2025-10-02_18h00.45.680,Motor Sequence Learning,,2025.1.1,89.10441622,2025-10-02 18h00.56.765510 +0530
-150,z,42,42,14,,,,,z,1,0.350814226,None,,,,,14,42,42,3,334.9054829,,,,,,,,,,,,,,,,334.8975396,334.9054829,335.895811,335.895811,335.895811,335.895811,335.895811,336.8965254,336.8965254,337.2566606,z,1,0.350814226,None,5,1,2025-10-02_18h00.45.680,Motor Sequence Learning,,2025.1.1,89.10441622,2025-10-02 18h00.56.765510 +0530
50,c,43,43,11,,,,,c,1,0.662891287,None,,,,,11,43,43,2,337.2645228,,,,,,,,,,,,,,,,337.2569814,337.2645228,338.2458959,338.2458959,338.2458959,338.2458959,338.2623138,339.246376,339.246376,339.9144477,c,1,0.662891287,None,5,1,2025-10-02_18h00.45.680,Motor Sequence Learning,,2025.1.1,89.10441622,2025-10-02 18h00.56.765510 +0530
50,c,44,44,12,,,,,c,1,0.706389706,None,,,,,12,44,44,2,339.9228435,,,,,,,,,,,,,,,,339.9147802,339.9228435,340.9123365,340.9123365,340.9123365,340.9123365,340.9123365,341.9127297,341.9127297,342.6236256,c,1,0.706389706,None,5,1,2025-10-02_18h00.45.680,Motor Sequence Learning,,2025.1.1,89.10441622,2025-10-02 18h00.56.765510 +0530
50,c,45,45,13,,,,,c,1,0.376302434,None,,,,,13,45,45,2,342.6315749,,,,,,,,,,,,,,,,342.6239623,342.6315749,343.6224088,343.6224088,343.6224088,343.6224088,343.6288429,344.6227259,344.6227259,345.0064829,c,1,0.376302434,None,5,1,2025-10-02_18h00.45.680,Motor Sequence Learning,,2025.1.1,89.10441622,2025-10-02 18h00.56.765510 +0530
50,c,46,46,14,,,,,c,1,0.49026737,None,,,,,14,46,46,2,345.0143507,,,,,,,,,,,,,,,,345.0068104,345.0143507,345.995797,345.995797,345.995797,345.995797,346.0124799,346.9966293,346.9966293,347.4901839,c,1,0.49026737,None,5,1,2025-10-02_18h00.45.680,Motor Sequence Learning,,2025.1.1,89.10441622,2025-10-02 18h00.56.765510 +0530
-50,x,47,47,9,,,,,x,1,0.390332192,None,,,,,9,47,47,0,347.4981486,,,,,,,,,,,,,,,,347.4905247,347.4981486,348.4892097,348.4892097,348.4892097,348.4892097,348.4958182,349.4794894,349.4794894,349.8734271,x,1,0.390332192,None,5,1,2025-10-02_18h00.45.680,Motor Sequence Learning,,2025.1.1,89.10441622,2025-10-02 18h00.56.765510 +0530
-150,z,48,48,15,,,,,z,1,0.421691098,None,,,,,15,48,48,3,349.8812998,,,,,,,,,,,,,,,,349.8737587,349.8812998,350.8627293,350.8627293,350.8627293,350.8627293,350.8790395,351.8630452,351.8630452,352.2899522,z,1,0.421691098,None,5,1,2025-10-02_18h00.45.680,Motor Sequence Learning,,2025.1.1,89.10441622,2025-10-02 18h00.56.765510 +0530
150,v,49,49,8,,,,,v,1,0.445786162,None,,,,,8,49,49,1,352.2982498,,,,,,,,,,,,,,,,352.2902782,352.2982498,353.2795062,353.2795062,353.2795062,353.2795062,353.2955253,354.2798159,354.2798159,354.7306643,v,1,0.445786162,None,5,1,2025-10-02_18h00.45.680,Motor Sequence Learning,,2025.1.1,89.10441622,2025-10-02 18h00.56.765510 +0530
150,v,50,50,9,,,,,v,1,0.464294384,None,,,,,9,50,50,1,354.7390442,,,,,,,,,,,,,,,,354.7309974,354.7390442,355.7288154,355.7288154,355.7288154,355.7288154,355.7288154,356.7292504,356.7292504,357.1975112,v,1,0.464294384,None,5,1,2025-10-02_18h00.45.680,Motor Sequence Learning,,2025.1.1,89.10441622,2025-10-02 18h00.56.765510 +0530
50,c,51,51,15,,,,,x,0,1.034805813,None,,,,,15,51,51,2,357.205898,,,,,,,,,,,,,,,,357.1978552,357.205898,358.195783,358.195783,358.195783,358.195783,358.195783,359.1955604,359.1955604,360.2395768,x,0,1.034805813,None,5,1,2025-10-02_18h00.45.680,Motor Sequence Learning,,2025.1.1,89.10441622,2025-10-02 18h00.56.765510 +0530
50,c,52,52,16,,,,,c,1,0.40898971,None,,,,,16,52,52,2,360.247557,,,,,,,,,,,,,,,,360.2399036,360.247557,361.2288206,361.2288206,361.2288206,361.2288206,361.2451162,362.2292963,362.2292963,362.6400511,c,1,0.40898971,None,5,1,2025-10-02_18h00.45.680,Motor Sequence Learning,,2025.1.1,89.10441622,2025-10-02 18h00.56.765510 +0530
150,v,53,53,10,,,,,v,1,0.545153864,None,,,,,10,53,53,1,362.6459296,,,,,,,,,,,,,,,,362.6403791,362.6459296,363.6390418,363.6390418,363.6390418,363.6390418,363.6390418,364.6389751,364.6389751,365.1896131,v,1,0.545153864,None,5,1,2025-10-02_18h00.45.680,Motor Sequence Learning,,2025.1.1,89.10441622,2025-10-02 18h00.56.765510 +0530
-150,z,54,54,16,,,,,z,1,0.364399997,None,,,,,16,54,54,3,365.1975186,,,,,,,,,,,,,,,,365.1899379,365.1975186,366.1791373,366.1791373,366.1791373,366.1791373,366.1954945,367.1797091,367.1797091,367.5467992,z,1,0.364399997,None,5,1,2025-10-02_18h00.45.680,Motor Sequence Learning,,2025.1.1,89.10441622,2025-10-02 18h00.56.765510 +0530
-150,z,55,55,17,,,,,z,1,0.368941552,None,,,,,17,55,55,3,367.5554274,,,,,,,,,,,,,,,,367.5471443,367.5554274,368.5457737,368.5457737,368.5457737,368.5457737,368.5457737,369.5468549,369.5468549,369.9228989,z,1,0.368941552,None,5,1,2025-10-02_18h00.45.680,Motor Sequence Learning,,2025.1.1,89.10441622,2025-10-02 18h00.56.765510 +0530
-150,z,56,56,18,,,,,z,1,0.808563458,None,,,,,18,56,56,3,369.9308911,,,,,,,,,,,,,,,,369.9232235,369.9308911,370.9124579,370.9124579,370.9124579,370.9124579,370.928924,371.9121169,371.9121169,372.7228109,z,1,0.808563458,None,5,1,2025-10-02_18h00.45.680,Motor Sequence Learning,,2025.1.1,89.10441622,2025-10-02 18h00.56.765510 +0530
50,c,57,57,17,,,,,c,1,0.477380305,None,,,,,17,57,57,2,372.728873,,,,,,,,,,,,,,,,372.7231442,372.728873,373.7136938,373.7136938,373.7136938,373.7136938,373.7223419,374.712166,374.712166,375.196697,c,1,0.477380305,None,5,1,2025-10-02_18h00.45.680,Motor Sequence Learning,,2025.1.1,89.10441622,2025-10-02 18h00.56.765510 +0530
50,c,58,58,18,,,,,c,1,0.392230849,None,,,,,18,58,58,2,375.205068,,,,,,,,,,,,,,,,375.1970367,375.205068,376.1955843,376.1955843,376.1955843,376.1955843,376.1955843,377.196323,377.196323,377.590116,c,1,0.392230849,None,5,1,2025-10-02_18h00.45.680,Motor Sequence Learning,,2025.1.1,89.10441622,2025-10-02 18h00.56.765510 +0530
50,c,59,59,19,,,,,c,1,0.401723983,None,,,,,19,59,59,2,377.596142,,,,,,,,,,,,,,,,377.5904483,377.596142,378.5888977,378.5888977,378.5888977,378.5888977,378.5954394,379.5887421,379.5887421,379.9966212,c,1,0.401723983,None,5,1,2025-10-02_18h00.45.680,Motor Sequence Learning,,2025.1.1,89.10441622,2025-10-02 18h00.56.765510 +0530
-50,x,60,60,10,,,,,x,1,0.418463103,None,,,,,10,60,60,0,380.0050631,,,,,,,,,,,,,,,,379.9969826,380.0050631,380.9955059,380.9955059,380.9955059,380.9955059,380.9955059,381.9960725,381.9960725,382.4228786,x,1,0.418463103,None,5,1,2025-10-02_18h00.45.680,Motor Sequence Learning,,2025.1.1,89.10441622,2025-10-02 18h00.56.765510 +0530
-150,z,61,61,19,,,,,z,1,0.496732129,None,,,,,19,61,61,3,382.4314239,,,,,,,,,,,,,,,,382.423196,382.4314239,383.411786,383.411786,383.411786,383.411786,383.4283233,384.4125517,384.4125517,384.9138147,z,1,0.496732129,None,5,1,2025-10-02_18h00.45.680,Motor Sequence Learning,,2025.1.1,89.10441622,2025-10-02 18h00.56.765510 +0530
-50,x,62,62,11,,,,,x,1,0.552374926,None,,,,,11,62,62,0,384.9220704,,,,,,,,,,,,,,,,384.9141415,384.9220704,385.9122472,385.9122472,385.9122472,385.9122472,385.9122472,386.9128533,386.9128533,387.4726864,x,1,0.552374926,None,5,1,2025-10-02_18h00.45.680,Motor Sequence Learning,,2025.1.1,89.10441622,2025-10-02 18h00.56.765510 +0530
150,v,63,63,11,,,,,v,1,0.383843629,None,,,,,11,63,63,1,387.4806227,,,,,,,,,,,,,,,,387.4730108,387.4806227,388.461824,388.461824,388.461824,388.461824,388.4786955,389.4621949,389.4621949,389.8557521,v,1,0.383843629,None,5,1,2025-10-02_18h00.45.680,Motor Sequence Learning,,2025.1.1,89.10441622,2025-10-02 18h00.56.765510 +0530
150,v,64,64,12,,,,,v,1,0.632538318,None,,,,,12,64,64,1,389.8636544,,,,,,,,,,,,,,,,389.8560762,389.8636544,390.8456424,390.8456424,390.8456424,390.8456424,390.8615794,391.8454334,391.8454334,392.4805722,v,1,0.632538318,None,5,1,2025-10-02_18h00.45.680,Motor Sequence Learning,,2025.1.1,89.10441622,2025-10-02 18h00.56.765510 +0530
-150,z,65,65,20,,,,,z,1,0.429223487,None,,,,,20,65,65,3,392.4884207,,,,,,,,,,,,,,,,392.4809019,392.4884207,393.4787456,393.4787456,393.4787456,393.4787456,393.4787456,394.4785983,394.4785983,394.9137672,z,1,0.429223487,None,5,1,2025-10-02_18h00.45.680,Motor Sequence Learning,,2025.1.1,89.10441622,2025-10-02 18h00.56.765510 +0530
150,v,66,66,13,,,,,v,1,0.585262384,None,,,,,13,66,66,1,394.9220871,,,,,,,,,,,,,,,,394.9141044,394.9220871,395.9115321,395.9115321,395.9115321,395.9115321,395.9115321,396.9125016,396.9125016,397.50597,v,1,0.585262384,None,5,1,2025-10-02_18h00.45.680,Motor Sequence Learning,,2025.1.1,89.10441622,2025-10-02 18h00.56.765510 +0530
-50,x,67,67,12,,,,,x,1,0.324633112,None,,,,,12,67,67,0,397.5138739,,,,,,,,,,,,,,,,397.5062954,397.5138739,398.4949411,398.4949411,398.4949411,398.4949411,398.5119361,399.4959827,399.4959827,399.8228705,x,1,0.324633112,None,5,1,2025-10-02_18h00.45.680,Motor Sequence Learning,,2025.1.1,89.10441622,2025-10-02 18h00.56.765510 +0530
150,v,68,68,14,,,,,v,1,0.432651652,None,,,,,14,68,68,1,399.8294183,,,,,,,,,,,,,,,,399.8232125,399.8294183,400.8218535,400.8218535,400.8218535,400.8218535,400.8286421,401.8219595,401.8219595,402.2563471,v,1,0.432651652,None,5,1,2025-10-02_18h00.45.680,Motor Sequence Learning,,2025.1.1,89.10441622,2025-10-02 18h00.56.765510 +0530
50,c,69,69,20,,,,,c,1,0.565300225,None,,,,,20,69,69,2,402.2622935,,,,,,,,,,,,,,,,402.2566763,402.2622935,403.2552079,403.2552079,403.2552079,403.2552079,403.2616122,404.2551186,404.2551186,404.8226829,c,1,0.565300225,None,5,1,2025-10-02_18h00.45.680,Motor Sequence Learning,,2025.1.1,89.10441622,2025-10-02 18h00.56.765510 +0530
-50,x,70,70,13,,,,,x,1,0.726661671,None,,,,,13,70,70,0,404.8283184,,,,,,,,,,,,,,,,404.823016,404.8283184,405.8216882,405.8216882,405.8216882,405.8216882,405.8216882,406.8217018,406.8217018,407.5558299,x,1,0.726661671,None,5,1,2025-10-02_18h00.45.680,Motor Sequence Learning,,2025.1.1,89.10441622,2025-10-02 18h00.56.765510 +0530
-150,z,71,71,21,,,,,z,1,0.328327011,None,,,,,21,71,71,3,407.5638033,,,,,,,,,,,,,,,,407.556157,407.5638033,408.5549103,408.5549103,408.5549103,408.5549103,408.5615612,409.5448793,409.5448793,409.8798602,z,1,0.328327011,None,5,1,2025-10-02_18h00.45.680,Motor Sequence Learning,,2025.1.1,89.10441622,2025-10-02 18h00.56.765510 +0530
-150,z,72,72,22,,,,,z,1,0.316477827,None,,,,,22,72,72,3,409.8879718,,,,,,,,,,,,,,,,409.8801879,409.8879718,410.8781861,410.8781861,410.8781861,410.8781861,410.8781861,411.8786362,411.8786362,412.2054527,z,1,0.316477827,None,5,1,2025-10-02_18h00.45.680,Motor Sequence Learning,,2025.1.1,89.10441622,2025-10-02 18h00.56.765510 +0530
-50,x,73,73,14,,,,,x,1,0.291247755,None,,,,,14,73,73,0,412.2132112,,,,,,,,,,,,,,,,412.2057809,412.2132112,413.1951356,413.1951356,413.1951356,413.1951356,413.2115411,414.1958466,414.1958466,414.4893614,x,1,0.291247755,None,5,1,2025-10-02_18h00.45.680,Motor Sequence Learning,,2025.1.1,89.10441622,2025-10-02 18h00.56.765510 +0530
50,c,74,74,21,,,,,c,1,0.40961568,None,,,,,21,74,74,2,414.495248,,,,,,,,,,,,,,,,414.489689,414.495248,415.488349,415.488349,415.488349,415.488349,415.488349,416.4883656,416.4883656,416.9056703,c,1,0.40961568,None,5,1,2025-10-02_18h00.45.680,Motor Sequence Learning,,2025.1.1,89.10441622,2025-10-02 18h00.56.765510 +0530
150,v,75,75,15,,,,,v,1,0.463627567,None,,,,,15,75,75,1,416.9138442,,,,,,,,,,,,,,,,416.9059909,416.9138442,417.8955216,417.8955216,417.8955216,417.8955216,417.9117835,418.895184,418.895184,419.3635237,v,1,0.463627567,None,5,1,2025-10-02_18h00.45.680,Motor Sequence Learning,,2025.1.1,89.10441622,2025-10-02 18h00.56.765510 +0530
50,c,76,76,22,,,,,c,1,0.482387255,None,,,,,22,76,76,2,419.3718482,,,,,,,,,,,,,,,,419.3638516,419.3718482,420.3619088,420.3619088,420.3619088,420.3619088,420.3619088,421.3622798,421.3622798,421.8462543,c,1,0.482387255,None,5,1,2025-10-02_18h00.45.680,Motor Sequence Learning,,2025.1.1,89.10441622,2025-10-02 18h00.56.765510 +0530
-50,x,77,77,15,,,,,x,1,0.992402947,None,,,,,15,77,77,0,421.8546714,,,,,,,,,,,,,,,,421.8466291,421.8546714,422.8446376,422.8446376,422.8446376,422.8446376,422.8446376,423.8452306,423.8452306,424.8392949,x,1,0.992402947,None,5,1,2025-10-02_18h00.45.680,Motor Sequence Learning,,2025.1.1,89.10441622,2025-10-02 18h00.56.765510 +0530
-50,x,78,78,16,,,,,x,1,0.351277729,None,,,,,16,78,78,0,424.8452589,,,,,,,,,,,,,,,,424.8396315,424.8452589,425.838219,425.838219,425.838219,425.838219,425.8450385,426.8381847,426.8381847,427.1960569,x,1,0.351277729,None,5,1,2025-10-02_18h00.45.680,Motor Sequence Learning,,2025.1.1,89.10441622,2025-10-02 18h00.56.765510 +0530
-50,x,79,79,17,,,,,x,1,0.626284415,None,,,,,17,79,79,0,427.2042905,,,,,,,,,,,,,,,,427.1964019,427.2042905,428.1945056,428.1945056,428.1945056,428.1945056,428.1945056,429.1949953,429.1949953,429.8226035,x,1,0.626284415,None,5,1,2025-10-02_18h00.45.680,Motor Sequence Learning,,2025.1.1,89.10441622,2025-10-02 18h00.56.765510 +0530
150,v,80,80,16,,,,,v,1,0.35384059,None,,,,,16,80,80,1,429.8284732,,,,,,,,,,,,,,,,429.8229436,429.8284732,430.821388,430.821388,430.821388,430.821388,430.8280912,431.8213676,431.8213676,432.1797401,v,1,0.35384059,None,5,1,2025-10-02_18h00.45.680,Motor Sequence Learning,,2025.1.1,89.10441622,2025-10-02 18h00.56.765510 +0530
150,v,81,81,17,,,,,v,1,0.413975434,None,,,,,17,81,81,1,432.1880108,,,,,,,,,,,,,,,,432.1800675,432.1880108,433.17821,433.17821,433.17821,433.17821,433.17821,434.1781589,434.1781589,434.5964125,v,1,0.413975434,None,5,1,2025-10-02_18h00.45.680,Motor Sequence Learning,,2025.1.1,89.10441622,2025-10-02 18h00.56.765510 +0530
150,v,82,82,18,,,,,v,1,0.391043549,None,,,,,18,82,82,1,434.6048092,,,,,,,,,,,,,,,,434.5967378,434.6048092,435.5948631,435.5948631,435.5948631,435.5948631,435.5948631,436.5939962,436.5939962,436.9890927,v,1,0.391043549,None,5,1,2025-10-02_18h00.45.680,Motor Sequence Learning,,2025.1.1,89.10441622,2025-10-02 18h00.56.765510 +0530
-50,x,83,83,18,,,,,x,1,0.312196694,None,,,,,18,83,83,0,436.9970213,,,,,,,,,,,,,,,,436.9894217,436.9970213,437.987969,437.987969,437.987969,437.987969,437.9946211,438.987977,438.987977,439.3054403,x,1,0.312196694,None,5,1,2025-10-02_18h00.45.680,Motor Sequence Learning,,2025.1.1,89.10441622,2025-10-02 18h00.56.765510 +0530
-150,z,84,84,23,,,,,z,1,1.445517292,None,,,,,23,84,84,3,439.3133631,,,,,,,,,,,,,,,,439.3057646,439.3133631,440.2949892,440.2949892,440.2949892,440.2949892,440.3109019,441.2952791,441.2952791,442.7455612,z,1,1.445517292,None,5,1,2025-10-02_18h00.45.680,Motor Sequence Learning,,2025.1.1,89.10441622,2025-10-02 18h00.56.765510 +0530
-50,x,85,85,19,,,,,x,1,0.287405189,None,,,,,19,85,85,0,442.7538179,,,,,,,,,,,,,,,,442.7458917,442.7538179,443.744729,443.744729,443.744729,443.744729,443.744729,444.7453626,444.7453626,445.0386141,x,1,0.287405189,None,5,1,2025-10-02_18h00.45.680,Motor Sequence Learning,,2025.1.1,89.10441622,2025-10-02 18h00.56.765510 +0530
50,c,86,86,23,,,,,c,1,0.608252749,None,,,,,23,86,86,2,445.0465558,,,,,,,,,,,,,,,,445.0389354,445.0465558,446.0281741,446.0281741,446.0281741,446.0281741,446.0444922,447.0284551,447.0284551,447.6388061,c,1,0.608252749,None,5,1,2025-10-02_18h00.45.680,Motor Sequence Learning,,2025.1.1,89.10441622,2025-10-02 18h00.56.765510 +0530
50,c,87,87,24,,,,,c,1,0.466979547,None,,,,,24,87,87,2,447.6452541,,,,,,,,,,,,,,,,447.6391599,447.6452541,448.6276856,448.6276856,448.6276856,448.6276856,448.637825,449.628465,449.628465,450.1050739,c,1,0.466979547,None,5,1,2025-10-02_18h00.45.680,Motor Sequence Learning,,2025.1.1,89.10441622,2025-10-02 18h00.56.765510 +0530
150,v,88,88,19,,,,,v,1,0.373650108,None,,,,,19,88,88,1,450.1130162,,,,,,,,,,,,,,,,450.1054005,450.1130162,451.0948522,451.0948522,451.0948522,451.0948522,451.1112992,452.0946921,452.0946921,452.4721764,v,1,0.373650108,None,5,1,2025-10-02_18h00.45.680,Motor Sequence Learning,,2025.1.1,89.10441622,2025-10-02 18h00.56.765510 +0530
-50,x,89,89,20,,,,,x,1,0.316433688,None,,,,,20,89,89,0,452.4801606,,,,,,,,,,,,,,,,452.4725021,452.4801606,453.4711182,453.4711182,453.4711182,453.4711182,453.4778939,454.4708317,454.4708317,454.7888221,x,1,0.316433688,None,5,1,2025-10-02_18h00.45.680,Motor Sequence Learning,,2025.1.1,89.10441622,2025-10-02 18h00.56.765510 +0530
-150,z,90,90,24,,,,,z,1,0.351402497,None,,,,,24,90,90,3,454.7947095,,,,,,,,,,,,,,,,454.7891539,454.7947095,455.7878044,455.7878044,455.7878044,455.7878044,455.7878044,456.7877582,456.7877582,457.1461091,z,1,0.351402497,None,5,1,2025-10-02_18h00.45.680,Motor Sequence Learning,,2025.1.1,89.10441622,2025-10-02 18h00.56.765510 +0530
150,v,91,91,20,,,,,v,1,0.516089481,None,,,,,20,91,91,1,457.154764,,,,,,,,,,,,,,,,457.1464445,457.154764,458.1445464,458.1445464,458.1445464,458.1445464,458.1445464,459.1449048,459.1449048,459.66281,v,1,0.516089481,None,5,1,2025-10-02_18h00.45.680,Motor Sequence Learning,,2025.1.1,89.10441622,2025-10-02 18h00.56.765510 +0530
150,v,92,92,21,,,,,v,1,0.450237164,None,,,,,21,92,92,1,459.6707379,,,,,,,,,,,,,,,,459.6631489,459.6707379,460.6608881,460.6608881,460.6608881,460.6608881,460.6608881,461.6616559,461.6616559,462.1215868,v,1,0.450237164,None,5,1,2025-10-02_18h00.45.680,Motor Sequence Learning,,2025.1.1,89.10441622,2025-10-02 18h00.56.765510 +0530
150,v,93,93,22,,,,,v,1,0.506698046,None,,,,,22,93,93,1,462.1294087,,,,,,,,,,,,,,,,462.1219082,462.1294087,463.111444,463.111444,463.111444,463.111444,463.1275588,464.1111186,464.1111186,464.6217571,v,1,0.506698046,None,5,1,2025-10-02_18h00.45.680,Motor Sequence Learning,,2025.1.1,89.10441622,2025-10-02 18h00.56.765510 +0530
-50,x,94,94,21,,,,,x,1,0.958872383,None,,,,,21,94,94,0,464.6296167,,,,,,,,,,,,,,,,464.6220853,464.6296167,465.6106154,465.6106154,465.6106154,465.6106154,465.6270316,466.620825,466.620825,467.5882467,x,1,0.958872383,None,5,1,2025-10-02_18h00.45.680,Motor Sequence Learning,,2025.1.1,89.10441622,2025-10-02 18h00.56.765510 +0530
-50,x,95,95,22,,,,,x,1,0.342851474,None,,,,,22,95,95,0,467.5959867,,,,,,,,,,,,,,,,467.5885729,467.5959867,468.5777064,468.5777064,468.5777064,468.5777064,468.5941738,469.5777857,469.5777857,469.9221329,x,1,0.342851474,None,5,1,2025-10-02_18h00.45.680,Motor Sequence Learning,,2025.1.1,89.10441622,2025-10-02 18h00.56.765510 +0530
150,v,96,96,23,,,,,v,1,0.60972503,None,,,,,23,96,96,1,469.9278859,,,,,,,,,,,,,,,,469.9224677,469.9278859,470.9206899,470.9206899,470.9206899,470.9206899,470.9268324,471.9207611,471.9207611,472.5380719,v,1,0.60972503,None,5,1,2025-10-02_18h00.45.680,Motor Sequence Learning,,2025.1.1,89.10441622,2025-10-02 18h00.56.765510 +0530
-50,x,97,97,23,,,,,x,1,0.31723302,None,,,,,23,97,97,0,472.5457874,,,,,,,,,,,,,,,,472.5384045,472.5457874,473.5278961,473.5278961,473.5278961,473.5278961,473.5435865,474.5280882,474.5280882,474.8546973,x,1,0.31723302,None,5,1,2025-10-02_18h00.45.680,Motor Sequence Learning,,2025.1.1,89.10441622,2025-10-02 18h00.56.765510 +0530
-50,x,98,98,24,,,,,x,1,0.389435671,None,,,,,24,98,98,0,474.8631598,,,,,,,,,,,,,,,,474.8550154,474.8631598,475.8446117,475.8446117,475.8446117,475.8446117,475.8603953,476.8448213,476.8448213,477.2383734,x,1,0.389435671,None,5,1,2025-10-02_18h00.45.680,Motor Sequence Learning,,2025.1.1,89.10441622,2025-10-02 18h00.56.765510 +0530
150,v,99,99,24,,,,,v,1,0.48869121,None,,,,,24,99,99,1,477.2462684,,,,,,,,,,,,,,,,477.2386997,477.2462684,478.2277022,478.2277022,478.2277022,478.2277022,478.2440888,479.2277003,479.2277003,479.7216206,v,1,0.48869121,None,5,1,2025-10-02_18h00.45.680,Motor Sequence Learning,,2025.1.1,89.10441622,2025-10-02 18h00.56.765510 +0530